detectTime;midx;midy;x;y;width;height;roll;pitch;yaw;correctureX;correctureY;localX;localY;localXSet;localYSet
40;8;-333;505;4;286;286;-0.0226397;-0.0250194;-0.508173;-0.0186397;-0.191519;-0.0176747;-0.000106168;0;3.09133e-13
23;8;-333;505;4;286;286;-0.0226792;-0.0250307;-0.507771;-0.0186792;-0.191531;-0.0178664;-0.000156056;0;3.09133e-13
24;8;-333;505;4;286;286;-0.0227171;-0.0249834;-0.508357;-0.0187171;-0.191483;-0.0178664;-0.000156056;0;3.09133e-13
24;8;-333;505;4;286;286;-0.0227679;-0.0250173;-0.508401;-0.0187679;-0.191517;-0.0178664;-0.000156056;0;3.09133e-13
24;8;-333;505;4;286;286;-0.0227015;-0.024981;-0.508112;-0.0187015;-0.191481;-0.018054;-0.000203474;0;3.09133e-13
23;8;-333;505;4;286;286;-0.0227277;-0.0249404;-0.506893;-0.0187277;-0.19144;-0.018054;-0.000203474;0;3.09133e-13
113;9;-337;547;41;205;205;-0.0227431;-0.0248757;-0.507737;-0.0182431;-0.193376;-0.018054;-0.000203474;0;3.09133e-13
111;9;-337;548;42;202;202;-0.0227134;-0.0248473;-0.508183;-0.0182134;-0.193347;-0.0182489;-0.000253762;0;3.09133e-13
110;8;-336;540;36;216;216;-0.0227989;-0.024844;-0.50781;-0.0187989;-0.192844;-0.0182489;-0.000253762;0;3.09133e-13
110;9;-336;543;38;212;212;-0.0227589;-0.0248261;-0.508779;-0.0182589;-0.192826;-0.0182489;-0.000253762;0;3.09133e-13
110;8;-335;542;39;212;212;-0.0229512;-0.0247773;-0.50896;-0.0189512;-0.192277;-0.0184431;-0.00030436;0;3.09133e-13
73;7;-336;543;40;209;209;-0.0228878;-0.024733;-0.509297;-0.0193878;-0.192733;-0.0184431;-0.00030436;0;3.09133e-13
-928;8;-336;544;40;209;209;-0.0228792;-0.0247524;-0.509073;-0.0188792;-0.192752;-0.0184431;-0.00030436;0;3.09133e-13
72;8;-337;543;38;211;211;-0.0229568;-0.0246442;-0.509466;-0.0189568;-0.193144;-0.0184431;-0.00030436;0;3.09133e-13
72;9;-337;547;41;205;205;-0.022838;-0.0250771;-0.509385;-0.018338;-0.193577;-0.0186325;-0.000356461;0;3.09133e-13
71;8;-336;544;40;208;208;-0.022857;-0.0246242;-0.509262;-0.018857;-0.192624;-0.0186325;-0.000356461;0;3.09133e-13
71;8;-336;546;42;205;205;-0.0229432;-0.0247589;-0.50971;-0.0189432;-0.192759;-0.0186325;-0.000356461;0;3.09133e-13
73;8;-336;544;40;209;209;-0.0229094;-0.0247593;-0.509524;-0.0189094;-0.192759;-0.0188353;-0.000403094;0;3.09133e-13
71;8;-335;543;40;210;210;-0.0229904;-0.0246359;-0.509833;-0.0189904;-0.192136;-0.0188353;-0.000403094;0;3.09133e-13
71;9;-336;547;42;205;205;-0.0229309;-0.0247774;-0.509675;-0.0184309;-0.192777;-0.0188353;-0.000403094;0;3.09133e-13
71;9;-335;544;40;210;210;-0.0230573;-0.0244991;-0.509176;-0.0185573;-0.191999;-0.0190213;-0.000454442;0;3.09133e-13
71;8;-336;542;38;212;212;-0.0230628;-0.0246538;-0.508808;-0.0190628;-0.192654;-0.0190213;-0.000454442;0;3.09133e-13
-929;9;-336;547;42;205;205;-0.0230536;-0.0245532;-0.508506;-0.0185536;-0.192553;-0.0190213;-0.000454442;0;3.09133e-13
72;8;-336;543;39;211;211;-0.023048;-0.0245787;-0.508439;-0.019048;-0.192579;-0.0190213;-0.000454442;0;3.09133e-13
71;9;-335;545;41;208;208;-0.023027;-0.024562;-0.508252;-0.018527;-0.192062;-0.0192215;-0.000505871;0;3.09133e-13
71;8;-336;543;39;211;211;-0.0231021;-0.024475;-0.508468;-0.0191021;-0.192475;-0.0192215;-0.000505871;0;3.09133e-13
71;8;-336;543;39;211;211;-0.0230822;-0.0245446;-0.508781;-0.0190822;-0.192545;-0.0192215;-0.000505871;0;3.09133e-13
73;8;-336;544;40;209;209;-0.0231323;-0.0244293;-0.508704;-0.0191323;-0.192429;-0.0194236;-0.000555162;0;3.09133e-13
72;8;-336;546;42;205;205;-0.0231277;-0.0244801;-0.509072;-0.0191277;-0.19248;-0.0194236;-0.000555162;0;3.09133e-13
71;8;-336;544;40;209;209;-0.0231792;-0.0244466;-0.509715;-0.0191792;-0.192447;-0.0194236;-0.000555162;0;3.09133e-13
72;8;-336;543;39;211;211;-0.0232377;-0.0244829;-0.509881;-0.0192377;-0.192483;-0.0196207;-0.000603576;0;3.09133e-13
71;8;-336;545;41;207;207;-0.0233062;-0.0243973;-0.509945;-0.0193062;-0.192397;-0.0196207;-0.000603576;0;3.09133e-13
-929;8;-336;544;40;209;209;-0.0233543;-0.0243526;-0.509956;-0.0193543;-0.192353;-0.0196207;-0.000603576;0;3.09133e-13
72;8;-336;544;40;209;209;-0.0233938;-0.0244018;-0.510219;-0.0193938;-0.192402;-0.0196207;-0.000603576;0;3.09133e-13
72;9;-335;546;42;206;206;-0.0234045;-0.0243637;-0.51018;-0.0189045;-0.191864;-0.0198112;-0.000651808;0;3.09133e-13
71;8;-335;544;41;209;209;-0.023379;-0.0244037;-0.50983;-0.019379;-0.191904;-0.0198112;-0.000651808;0;3.09133e-13
71;8;-335;542;39;212;212;-0.0234225;-0.024333;-0.509473;-0.0194225;-0.191833;-0.0198112;-0.000651808;0;3.09133e-13
73;8;-336;544;40;209;209;-0.0234435;-0.0243319;-0.509878;-0.0194435;-0.192332;-0.0200065;-0.000700258;0;3.09133e-13
73;7;-336;543;40;209;209;-0.0234796;-0.0242713;-0.510265;-0.0199796;-0.192271;-0.0200065;-0.000700258;0;3.09133e-13
72;8;-336;544;40;208;208;-0.0235224;-0.0242497;-0.509852;-0.0195224;-0.19225;-0.0200065;-0.000700258;0;3.09133e-13
72;9;-336;545;40;208;208;-0.023541;-0.024254;-0.509669;-0.019041;-0.192254;-0.0202053;-0.000752068;0;3.09133e-13
71;8;-336;544;40;209;209;-0.0236215;-0.0241884;-0.509569;-0.0196215;-0.192188;-0.0202053;-0.000752068;0;3.09133e-13
-928;8;-336;545;41;206;206;-0.023655;-0.0242045;-0.510021;-0.019655;-0.192205;-0.0202053;-0.000752068;0;3.09133e-13
73;9;-336;547;42;205;205;-0.023704;-0.0241261;-0.510218;-0.019204;-0.192126;-0.0202053;-0.000752068;0;3.09133e-13
72;9;-336;547;42;205;205;-0.0237054;-0.0240862;-0.510308;-0.0192054;-0.192086;-0.0204052;-0.000805183;0;3.09133e-13
72;8;-336;541;37;214;214;-0.0237257;-0.0240818;-0.510318;-0.0197257;-0.192082;-0.0204052;-0.000805183;0;3.09133e-13
72;9;-335;544;40;210;210;-0.0237394;-0.0240989;-0.509926;-0.0192394;-0.191599;-0.0204052;-0.000805183;0;3.09133e-13
73;7;-336;540;37;215;215;-0.0237735;-0.0240749;-0.509891;-0.0202735;-0.192075;-0.0206059;-0.000857918;0;3.09133e-13
72;9;-336;546;41;206;206;-0.0238224;-0.0240442;-0.509817;-0.0193224;-0.192044;-0.0206059;-0.000857918;0;3.09133e-13
71;8;-336;543;39;211;211;-0.0238453;-0.0240731;-0.509581;-0.0198453;-0.192073;-0.0206059;-0.000857918;0;3.09133e-13
72;8;-336;545;41;207;207;-0.0238879;-0.0240417;-0.509911;-0.0198879;-0.192042;-0.0208076;-0.000911228;0;3.09133e-13
71;8;-336;547;43;203;203;-0.0239458;-0.0240307;-0.509802;-0.0199458;-0.192031;-0.0208076;-0.000911228;0;3.09133e-13
-928;9;-335;544;40;210;210;-0.0239602;-0.023989;-0.510561;-0.0194602;-0.191489;-0.0208076;-0.000911228;0;3.09133e-13
73;8;-335;543;40;210;210;-0.0239685;-0.0239406;-0.510959;-0.0199685;-0.191441;-0.0208076;-0.000911228;0;3.09133e-13
72;9;-336;545;40;208;208;-0.0239756;-0.0239123;-0.510778;-0.0194756;-0.191912;-0.0210122;-0.000964802;0;3.09133e-13
72;8;-336;543;39;211;211;-0.0239725;-0.0239451;-0.510631;-0.0199725;-0.191945;-0.0210122;-0.000964802;0;3.09133e-13
72;9;-335;547;43;204;204;-0.0240037;-0.0238941;-0.511099;-0.0195037;-0.191394;-0.0210122;-0.000964802;0;3.09133e-13
73;8;-337;543;38;211;211;-0.0240223;-0.0238928;-0.511372;-0.0200223;-0.192393;-0.0212101;-0.0010159;0;3.09133e-13
72;8;-336;546;42;205;205;-0.0240445;-0.0237269;-0.511793;-0.0200445;-0.191727;-0.0212101;-0.0010159;0;3.09133e-13
72;9;-336;544;39;210;210;-0.0249071;-0.0240105;-0.512465;-0.0204071;-0.19201;-0.0212101;-0.0010159;0;3.09133e-13
72;8;-335;544;41;209;209;-0.0227772;-0.0233318;-0.510804;-0.0187772;-0.190832;-0.0213982;-0.00107278;0;3.09133e-13
71;4;-335;535;36;218;218;-0.0212994;-0.0255176;-0.509128;-0.0192994;-0.193018;-0.0213982;-0.00107278;0;3.09133e-13
-928;7;-333;533;33;228;228;-0.0251355;-0.024065;-0.512284;-0.0216355;-0.190565;-0.0213982;-0.00107278;0;3.09133e-13
72;9;-337;545;39;209;209;-0.0239418;-0.0250271;-0.510973;-0.0194418;-0.193527;-0.0213982;-0.00107278;0;3.09133e-13
72;8;-333;536;35;224;224;-0.0244668;-0.0249274;-0.511963;-0.0204668;-0.191427;-0.0216247;-0.00112018;0;3.09133e-13
72;8;-335;541;38;215;215;-0.0219516;-0.0245139;-0.512459;-0.0179516;-0.192014;-0.0216247;-0.00112018;0;3.09133e-13
72;4;-336;540;40;208;208;-0.0217613;-0.0237037;-0.511573;-0.0197613;-0.191704;-0.0216247;-0.00112018;0;3.09133e-13
74;5;-338;542;39;207;207;-0.0219479;-0.023325;-0.51142;-0.0194479;-0.192325;-0.0218166;-0.00117828;0;3.09133e-13
72;3;-337;540;40;207;207;-0.0204736;-0.0232718;-0.512119;-0.0189736;-0.191772;-0.0218166;-0.00117828;0;3.09133e-13
72;4;-336;540;40;208;208;-0.0223507;-0.0237708;-0.512796;-0.0203507;-0.191771;-0.0218166;-0.00117828;0;3.09133e-13
73;6;-335;539;38;214;214;-0.0250705;-0.0222941;-0.513051;-0.0220705;-0.189794;-0.0220418;-0.00121893;0;3.09133e-13
72;11;-337;547;39;209;209;-0.0324606;-0.0181847;-0.512323;-0.0269606;-0.186685;-0.0220418;-0.00121893;0;3.09133e-13
-928;16;-339;555;40;202;202;-0.0311995;-0.0125409;-0.514346;-0.0231995;-0.182041;-0.0220418;-0.00121893;0;3.09133e-13
72;15;-333;544;36;222;222;-0.0252488;-0.0126914;-0.524901;-0.0177488;-0.179191;-0.0220418;-0.00121893;0;3.09133e-13
16;25;-279;481;17;368;368;-0.0259128;-0.0192257;-0.528112;-0.0134128;-0.158726;-0.0224469;-0.00112174;0;3.09133e-13
24;26;-210;471;75;390;390;-0.0253364;-0.0424846;-0.526252;-0.0123364;-0.147485;-0.0224469;-0.00112174;0;3.09133e-13
24;10;-212;461;79;378;378;-0.0189857;-0.0218816;-0.524278;-0.0139857;-0.127882;-0.0224469;-0.00112174;0;3.09133e-13
25;-2;-234;453;61;371;371;-0.011799;0.019329;-0.521196;-0.012799;-0.097671;-0.0224469;-0.00112174;0;3.09133e-13
24;-21;-180;427;108;385;385;-0.00599477;0.0100413;-0.518785;-0.0164948;-0.0799587;-0.0227881;-0.00114184;0;3.09133e-13
24;-41;-107;407;181;384;384;0.00106675;0.00189521;-0.520768;-0.0194332;-0.0516048;-0.0227881;-0.00114184;0;3.09133e-13
24;-50;-105;400;185;380;380;0.00632058;0.0312117;-0.52024;-0.0186794;-0.0212883;-0.0227881;-0.00114184;0;3.09133e-13
110;-80;-89;457;288;206;206;0.0119558;0.0364745;-0.504236;-0.0280442;-0.00802546;-0.0227881;-0.00114184;0;3.09133e-13
-975;-89;-40;363;252;377;377;0.0102774;0.0297595;-0.506616;-0.0342226;0.00975949;-0.0227881;-0.00114184;0;3.09133e-13
24;-79;13;375;307;372;372;0.00591672;0.0207847;-0.516921;-0.0335833;0.0272847;-0.0227881;-0.00114184;0;3.09133e-13
25;-55;9;400;304;371;371;-0.0041143;0.0384416;-0.528119;-0.0316143;0.0429416;-0.0227881;-0.00114184;0;3.09133e-13
24;-40;-13;408;275;384;384;-0.0099697;0.0551134;-0.531417;-0.0299697;0.0486134;-0.0227881;-0.00114184;0;3.09133e-13
25;-37;30;416;323;374;374;-0.0156327;0.0384046;-0.531943;-0.0341327;0.0534046;-0.0227881;-0.00114184;0;3.09133e-13
26;-42;83;410;375;376;376;-0.015239;0.0173279;-0.531312;-0.036239;0.058828;-0.0227881;-0.00114184;0;3.09133e-13
24;-46;101;406;393;377;377;-0.0112914;0.0182377;-0.530209;-0.0342914;0.0687377;-0.0227881;-0.00114184;0;3.09133e-13
24;-46;110;402;398;385;385;-0.0103745;0.0176556;-0.526516;-0.0333745;0.0726556;-0.0227881;-0.00114184;0;3.09133e-13
24;-45;133;401;419;389;389;-0.0102024;0.00821139;-0.517884;-0.0327024;0.0747114;-0.0227881;-0.00114184;0;3.09133e-13
24;-43;134;395;412;404;404;-0.00716796;0.0117464;-0.50581;-0.028668;0.0787464;-0.0227881;-0.00114184;0;3.09133e-13
-976;-48;132;400;420;385;385;-0.00133881;0.0150828;-0.497174;-0.0253388;0.0810828;-0.0227881;-0.00114184;0;3.09133e-13
24;-54;120;397;411;378;378;0.00138239;0.0211018;-0.49392;-0.0256176;0.0811018;-0.0227881;-0.00114184;0;3.09133e-13
24;-51;104;397;392;384;384;0.0016131;0.0299839;-0.490615;-0.0238869;0.0819839;-0.0227881;-0.00114184;0;3.09133e-13
24;-60;119;399;418;362;362;0.00106354;0.0233974;-0.488106;-0.0289365;0.0828974;-0.0227881;-0.00114184;0;3.09133e-13
25;-67;120;368;395;410;410;0.00173025;0.0230313;-0.487942;-0.0317697;0.0830313;-0.0227881;-0.00114184;0;3.09133e-13
25;-75;104;366;385;399;399;0.00455109;0.0306532;-0.491026;-0.0329489;0.0826532;-0.0227881;-0.00114184;0;3.09133e-13
24;-86;94;355;375;398;398;0.007935;0.0335814;-0.496827;-0.035065;0.0805814;-0.0227881;-0.00114184;0;3.09133e-13
24;-89;92;366;387;370;370;0.00761436;0.0336343;-0.498053;-0.0368856;0.0796343;-0.0227881;-0.00114184;0;3.09133e-13
24;-88;92;364;384;377;377;0.00469934;0.0313254;-0.498677;-0.0393007;0.0773254;-0.0227881;-0.00114184;0;3.09133e-13
25;-89;104;356;389;391;391;0.00607533;0.026723;-0.499827;-0.0384247;0.078723;-0.0227881;-0.00114184;0;3.09133e-13
-976;-90;97;351;378;399;399;0.0072227;0.0287661;-0.498787;-0.0377773;0.0772661;-0.0227881;-0.00114184;0;3.09133e-13
24;-77;89;371;377;385;385;0.00137136;0.0378051;-0.495501;-0.0371286;0.0823051;-0.0227881;-0.00114184;0;3.09133e-13
25;-66;79;390;375;369;369;-0.00443897;0.0443335;-0.49327;-0.037439;0.0838335;-0.0227881;-0.00114184;0;3.09133e-13
24;-60;74;391;365;379;379;-0.0113718;0.0468037;-0.492865;-0.0413718;0.0838037;-0.0227881;-0.00114184;0;3.09133e-13
24;-62;59;383;344;391;391;-0.0129852;0.0573726;-0.495806;-0.0439852;0.0868726;-0.0227881;-0.00114184;0;3.09133e-13
25;-76;45;370;331;389;389;-0.00819952;0.064102;-0.501037;-0.0461995;0.086602;-0.0227881;-0.00114184;0;3.09133e-13
24;-74;59;373;346;386;386;-0.0106619;0.0566247;-0.504132;-0.0476619;0.0861247;-0.0227881;-0.00114184;0;3.09133e-13
25;-59;66;389;354;385;385;-0.0199734;0.0551004;-0.506457;-0.0494734;0.0881004;-0.0227881;-0.00114184;0;3.09133e-13
24;-40;67;400;347;400;400;-0.0266956;0.0563551;-0.508273;-0.0466956;0.0898551;-0.0227881;-0.00114184;0;3.09133e-13
24;-31;69;412;352;394;394;-0.0366489;0.056132;-0.50783;-0.0521489;0.090632;-0.0227881;-0.00114184;0;3.09133e-13
-976;-6;68;450;364;369;369;-0.0511939;0.0574332;-0.509064;-0.0541939;0.0914332;-0.0227881;-0.00114184;0;3.09133e-13
25;19;62;461;344;397;397;-0.0691253;0.0628247;-0.512442;-0.0596253;0.0938247;-0.0227881;-0.00114184;0;3.09133e-13
25;34;65;477;348;394;394;-0.0751842;0.0623093;-0.512705;-0.0581842;0.0948093;-0.0227881;-0.00114184;0;3.09133e-13
24;38;74;472;348;412;412;-0.0793054;0.0580712;-0.509628;-0.0603054;0.0950712;-0.0227881;-0.00114184;0;3.09133e-13
24;50;68;510;368;360;360;-0.0861169;0.0606242;-0.506905;-0.0611169;0.0946242;-0.0227881;-0.00114184;0;3.09133e-13
25;69;60;508;339;403;403;-0.0976249;0.06449;-0.501693;-0.0631249;0.09449;-0.0227881;-0.00114184;0;3.09133e-13
24;97;71;544;358;386;386;-0.115221;0.0622527;-0.497259;-0.0667209;0.0977527;-0.0227881;-0.00114184;0;3.09133e-13
25;136;72;589;365;375;375;-0.136777;0.0654941;-0.493582;-0.0687774;0.101494;-0.0227881;-0.00114184;0;3.09133e-13
24;165;53;611;339;388;388;-0.15012;0.0823998;-0.494868;-0.0676204;0.1089;-0.0227881;-0.00114184;0;3.09133e-13
24;184;42;630;328;388;388;-0.157494;0.0857959;-0.493716;-0.0654936;0.106796;-0.0227881;-0.00114184;0;3.09133e-13
-976;206;51;654;339;384;384;-0.170119;0.0833487;-0.495017;-0.0671192;0.108849;-0.0227881;-0.00114184;0;3.09133e-13
25;229;42;679;332;381;381;-0.181698;0.0904483;-0.499274;-0.0671978;0.111448;-0.0227881;-0.00114184;0;3.09133e-13
25;241;44;699;342;365;365;-0.188686;0.09091;-0.499766;-0.0681857;0.11291;-0.0227881;-0.00114184;0;3.09133e-13
23;255;55;710;350;371;371;-0.192457;0.0878931;-0.498854;-0.0649568;0.115393;-0.0227881;-0.00114184;0;3.09133e-13
24;277;57;730;350;375;375;-0.209151;0.0886968;-0.496704;-0.0706507;0.117197;-0.0227881;-0.00114184;0;3.09133e-13
24;299;57;750;348;378;378;-0.218329;0.0908016;-0.495208;-0.0688294;0.119302;-0.0227881;-0.00114184;0;3.09133e-13
24;312;54;750;332;404;404;-0.230644;0.0913698;-0.492832;-0.074644;0.11837;-0.0227881;-0.00114184;0;3.09133e-13
24;325;53;775;343;381;381;-0.238016;0.0950764;-0.492515;-0.0755156;0.121576;-0.0227881;-0.00114184;0;3.09133e-13
24;334;54;782;342;385;385;-0.244181;0.0973276;-0.492329;-0.0771815;0.124328;-0.0227881;-0.00114184;0;3.09133e-13
25;348;48;796;336;384;384;-0.252309;0.101119;-0.49294;-0.078309;0.125119;-0.0227881;-0.00114184;0;3.09133e-13
-976;364;42;811;329;386;386;-0.258501;0.103504;-0.49347;-0.0765006;0.124504;-0.0227881;-0.00114184;0;3.09133e-13
25;370;37;814;321;392;392;-0.26547;0.106766;-0.493946;-0.0804697;0.125266;-0.0227881;-0.00114184;0;3.09133e-13
26;376;35;816;315;401;401;-0.270272;0.109144;-0.493982;-0.0822719;0.126644;-0.0227881;-0.00114184;0;3.09133e-13
24;383;30;837;324;373;373;-0.277959;0.112634;-0.492986;-0.0864589;0.127634;-0.0227881;-0.00114184;0;3.09133e-13
25;404;24;850;310;388;388;-0.28988;0.116628;-0.492;-0.0878799;0.128628;-0.0227881;-0.00114184;0;3.09133e-13
25;417;25;869;317;376;376;-0.297514;0.117943;-0.489919;-0.0890136;0.130443;-0.0227881;-0.00114184;0;3.09133e-13
25;425;24;873;312;384;384;-0.30206;0.12039;-0.488645;-0.08956;0.13239;-0.0227881;-0.00114184;0;3.09133e-13
25;441;17;908;324;347;347;-0.306439;0.124163;-0.487823;-0.0859393;0.132663;-0.0227881;-0.00114184;0;3.09133e-13
24;452;8;919;315;347;347;-0.317022;0.130017;-0.487465;-0.0910223;0.134017;-0.0227881;-0.00114184;0;3.09133e-13
25;469;4;944;319;330;330;-0.326613;0.132937;-0.485563;-0.0921126;0.134937;-0.0227881;-0.00114184;0;3.09133e-13
-976;477;6;955;324;325;325;-0.333221;0.134157;-0.482869;-0.0947211;0.137157;-0.0227881;-0.00114184;0;3.09133e-13
111;487;-2;1019;370;216;216;-0.348232;0.142489;-0.482087;-0.104732;0.141489;-0.0227881;-0.00114184;0;3.09133e-13
112;502;-9;1044;373;197;197;-0.356536;0.145874;-0.481517;-0.105536;0.141374;-0.0227881;-0.00114184;0;3.09133e-13
111;515;-14;1059;370;193;193;-0.364486;0.15055;-0.481696;-0.106986;0.14355;-0.0227881;-0.00114184;0;3.09133e-13
93;529;-20;1078;369;182;182;-0.367608;0.152316;-0.481572;-0.103107;0.142316;-0.0227881;-0.00114184;0;3.09133e-13
73;533;-22;1081;366;184;184;-0.365525;0.151166;-0.482169;-0.0990251;0.140166;-0.0227881;-0.00114184;0;3.09133e-13
72;529;-22;1074;363;190;190;-0.36305;0.150989;-0.482538;-0.0985499;0.139989;-0.0227881;-0.00114184;0;3.09133e-13
72;525;-22;1076;369;179;179;-0.363268;0.150671;-0.48205;-0.100768;0.139671;-0.0227881;-0.00114184;0;3.09133e-13
72;528;-21;1076;367;184;184;-0.364923;0.15155;-0.481333;-0.100923;0.14105;-0.0227881;-0.00114184;0;3.09133e-13
71;532;-22;1085;371;174;174;-0.366622;0.152162;-0.481055;-0.100622;0.141162;-0.0227881;-0.00114184;0;3.09133e-13
72;534;-21;1083;368;183;183;-0.368104;0.151397;-0.479185;-0.101104;0.140897;-0.0227881;-0.00114184;0;3.09133e-13
73;540;-18;1098;380;164;164;-0.374664;0.150201;-0.476064;-0.104664;0.141201;-0.0227881;-0.00114184;0;3.09133e-13
72;551;-18;1109;380;165;165;-0.386665;0.154209;-0.475531;-0.111165;0.145209;-0.0227881;-0.00114184;0;3.09133e-13
298;572;-25;1164;407;96;96;-0.399603;0.157766;-0.474892;-0.113603;0.145266;-0.0227881;-0.00114184;0;3.09133e-13
289;583;-30;1178;405;91;91;-0.415514;0.156436;-0.47161;-0.124014;0.141436;-0.0227881;-0.00114184;0;3.09133e-13
-711;584;-27;1180;409;88;88;-0.424964;0.159209;-0.470899;-0.132964;0.145709;-0.0227881;-0.00114184;0;3.09133e-13
289;599;-22;1201;420;77;77;-0.435101;0.160217;-0.471946;-0.135601;0.149217;-0.0227881;-0.00114184;0;3.09133e-13
290;604;-10;1208;434;72;72;-0.324207;0.149224;-0.471122;-0.0222075;0.144224;-0.0227881;-0.00114184;0;3.09133e-13
72;534;-3;1082;385;184;184;-0.320454;0.147981;-0.471458;-0.0534537;0.146481;-0.0227881;-0.00114184;0;3.09133e-13
73;510;-13;1052;369;196;196;-0.317341;0.147211;-0.471512;-0.0623411;0.140711;-0.0227881;-0.00114184;0;3.09133e-13
16;133;-162;643;188;260;260;-0.315703;0.14668;-0.471658;-0.249203;0.0656796;-0.0227881;-0.00114184;0;3.09133e-13
72;481;-19;1016;356;210;210;-0.309627;0.147157;-0.472357;-0.0691271;0.137657;-0.0227881;-0.00114184;0;3.09133e-13
72;472;-21;1004;351;216;216;-0.302655;0.146185;-0.471491;-0.0666545;0.135685;-0.0227881;-0.00114184;0;3.09133e-13
72;463;-19;990;348;227;227;-0.295765;0.143968;-0.470873;-0.0642646;0.134468;-0.0227881;-0.00114184;0;3.09133e-13
72;454;-13;974;347;240;240;-0.290724;0.142937;-0.470397;-0.0637241;0.136437;-0.0227881;-0.00114184;0;3.09133e-13
73;444;-13;953;336;263;263;-0.283758;0.14146;-0.469757;-0.0617577;0.13496;-0.0227881;-0.00114184;0;3.09133e-13
73;435;-10;951;346;248;248;-0.277068;0.137789;-0.468611;-0.0595679;0.132789;-0.0227881;-0.00114184;0;3.09133e-13
73;425;-6;946;355;238;238;-0.268676;0.135956;-0.468003;-0.0561755;0.132956;-0.0227881;-0.00114184;0;3.09133e-13
16;415;-4;845;266;420;420;-0.266132;0.136133;-0.467807;-0.0586317;0.134133;-0.0227881;-0.00114184;0;3.09133e-13
72;404;-7;921;350;246;246;-0.258525;0.13715;-0.468224;-0.0565248;0.13365;-0.0227881;-0.00114184;0;3.09133e-13
111;396;-7;920;357;232;232;-0.248535;0.131525;-0.466339;-0.0505352;0.128025;-0.0227881;-0.00114184;0;3.09133e-13
25;393;3;817;267;432;432;-0.244858;0.129701;-0.466406;-0.048358;0.131201;-0.0227881;-0.00114184;0;3.09133e-13
111;366;2;881;357;250;250;-0.228688;0.137299;-0.467297;-0.0456882;0.138299;-0.0227881;-0.00114184;0;3.09133e-13
25;358;-13;793;262;410;410;-0.226689;0.138716;-0.467746;-0.0476892;0.132216;-0.0227881;-0.00114184;0;3.09133e-13
111;343;-12;865;350;236;236;-0.213542;0.134528;-0.465308;-0.0420421;0.128528;-0.0227881;-0.00114184;0;3.09133e-13
112;327;-5;867;375;200;200;-0.203375;0.129744;-0.463197;-0.0398748;0.127244;-0.0227881;-0.00114184;0;3.09133e-13
111;311;0;834;363;235;235;-0.1926;0.126572;-0.462285;-0.0371002;0.126572;-0.0227881;-0.00114184;0;3.09133e-13
112;292;6;810;364;244;244;-0.180937;0.123879;-0.460873;-0.0349374;0.126879;-0.0227881;-0.00114184;0;3.09133e-13
87;272;12;811;391;202;202;-0.167498;0.119805;-0.458703;-0.0314978;0.125805;-0.0227881;-0.00114184;0;3.09133e-13
73;250;18;774;382;233;233;-0.158962;0.118064;-0.457031;-0.0339622;0.127064;-0.0227881;-0.00114184;0;3.09133e-13
72;229;26;739;376;260;260;-0.150917;0.116338;-0.455277;-0.036417;0.129338;-0.0227881;-0.00114184;0;3.09133e-13
72;208;32;743;407;210;210;-0.142355;0.114564;-0.454073;-0.0383552;0.130564;-0.0227881;-0.00114184;0;3.09133e-13
72;189;35;736;422;187;187;-0.12946;0.111352;-0.451931;-0.0349599;0.128852;-0.0227881;-0.00114184;0;3.09133e-13
71;167;42;700;415;214;214;-0.119647;0.106942;-0.451106;-0.0361465;0.127942;-0.0227881;-0.00114184;0;3.09133e-13
72;154;48;696;430;197;197;-0.111151;0.104063;-0.451077;-0.0341511;0.128063;-0.0227881;-0.00114184;0;3.09133e-13
73;138;50;682;434;193;193;-0.101036;0.105673;-0.451394;-0.0320356;0.130673;-0.0227881;-0.00114184;0;3.09133e-13
72;122;51;653;422;218;218;-0.0937991;0.104941;-0.450625;-0.0327991;0.130441;-0.0227881;-0.00114184;0;3.09133e-13
72;101;56;631;426;220;220;-0.0832943;0.0989813;-0.449952;-0.0327943;0.126981;-0.0227881;-0.00114184;0;3.09133e-13
71;78;66;625;453;186;186;-0.0712145;0.0980111;-0.450164;-0.0322145;0.131011;-0.0227881;-0.00114184;0;3.09133e-13
72;54;63;587;436;214;214;-0.0580087;0.0997484;-0.451379;-0.0310087;0.131248;-0.0227881;-0.00114184;0;3.09133e-13
71;33;59;553;419;240;240;-0.0507139;0.101259;-0.453524;-0.0342139;0.130759;-0.0227881;-0.00114184;0;3.09133e-13
71;17;54;554;431;206;206;-0.0453749;0.103717;-0.455885;-0.0368749;0.130717;-0.0227881;-0.00114184;0;3.09133e-13
72;2;54;522;414;240;240;-0.0357376;0.103362;-0.458794;-0.0347376;0.130362;-0.0227881;-0.00114184;0;3.09133e-13
-929;-17;58;506;421;235;235;-0.0261011;0.0980171;-0.461353;-0.0346011;0.127017;-0.0227881;-0.00114184;0;3.09133e-13
71;-36;63;490;429;228;228;-0.0139132;0.0979479;-0.463432;-0.0319132;0.129448;-0.0227881;-0.00114184;0;3.09133e-13
71;-60;59;452;411;256;256;-0.00184499;0.101235;-0.467062;-0.031845;0.130735;-0.0227881;-0.00114184;0;3.09133e-13
16;-77;55;360;332;406;406;0.000771964;0.100837;-0.467889;-0.037728;0.128337;-0.0227881;-0.00114184;0;3.09133e-13
24;-83;66;360;349;394;394;0.00613844;0.0944421;-0.470039;-0.0353616;0.127442;-0.0227881;-0.00114184;0;3.09133e-13
117;-101;79;411;431;256;256;0.0277468;0.0821898;-0.474229;-0.0227532;0.12169;-0.0227881;-0.00114184;0;3.09133e-13
25;-115;93;307;355;436;436;0.0277468;0.0821898;-0.474229;-0.0297532;0.12869;-0.0227881;-0.00114184;0;3.09133e-13
24;-133;82;310;365;394;394;0.0379958;0.0841632;-0.478437;-0.0285042;0.125163;-0.0227881;-0.00114184;0;3.09133e-13
109;-144;85;369;438;255;255;0.0485925;0.0793659;-0.49189;-0.0234075;0.121866;-0.0227881;-0.00114184;0;3.09133e-13
25;-151;88;286;365;406;406;0.0510643;0.0782685;-0.495015;-0.0244357;0.122268;-0.0227881;-0.00114184;0;3.09133e-13
-890;-162;97;361;460;235;235;0.0651754;0.0738743;-0.508781;-0.0158246;0.122374;-0.0227881;-0.00114184;0;3.09133e-13
111;-174;99;346;459;241;241;0.0823926;0.078984;-0.514111;-0.00460744;0.128484;-0.0227881;-0.00114184;0;3.09133e-13
25;-187;95;244;366;419;419;0.0865951;0.0804568;-0.514234;-0.00690488;0.127957;-0.0227881;-0.00114184;0;3.09133e-13
110;-210;90;315;455;231;231;0.0987277;0.0727035;-0.515928;-0.00627235;0.117704;-0.0227881;-0.00114184;0;3.09133e-13
25;-221;108;203;372;433;433;0.101042;0.0681889;-0.517115;-0.00945815;0.122189;-0.0227881;-0.00114184;0;3.09133e-13
111;-232;119;293;484;231;231;0.110141;0.0617294;-0.51933;-0.00585922;0.121229;-0.0227881;-0.00114184;0;3.09133e-13
110;-238;119;271;468;262;262;0.115329;0.0670056;-0.518737;-0.0036708;0.126506;-0.0227881;-0.00114184;0;3.09133e-13
110;-248;108;269;465;247;247;0.12239;0.0700032;-0.519336;-0.00161004;0.124003;-0.0227881;-0.00114184;0;3.09133e-13
25;-256;105;164;365;440;440;0.125349;0.0707677;-0.5191;-0.00265135;0.123268;-0.0227881;-0.00114184;0;3.09133e-13
110;-271;98;248;457;243;243;0.133832;0.0698871;-0.519232;-0.00166799;0.118887;-0.0227881;-0.00114184;0;3.09133e-13
-891;-281;101;239;461;240;240;0.136204;0.0706758;-0.516867;-0.00429611;0.121176;-0.0227881;-0.00114184;0;3.09133e-13
98;-283;100;232;455;250;250;0.141752;0.0804016;-0.513695;0.00025174;0.130402;-0.0227881;-0.00114184;0;3.09133e-13
73;-291;84;219;434;260;260;0.147683;0.0889068;-0.511515;0.00218256;0.130907;-0.0227881;-0.00114184;0;3.09133e-13
73;-300;63;214;417;252;252;0.152364;0.0955718;-0.510772;0.00236428;0.127072;-0.0227881;-0.00114184;0;3.09133e-13
72;-308;55;228;431;208;208;0.155063;0.0984937;-0.509072;0.00106345;0.125994;-0.0227881;-0.00114184;0;3.09133e-13
71;-312;53;212;417;232;232;0.157258;0.0995297;-0.506087;0.00125819;0.12603;-0.0227881;-0.00114184;0;3.09133e-13
71;-321;51;211;423;217;217;0.165725;0.102842;-0.505128;0.00522511;0.128342;-0.0227881;-0.00114184;0;3.09133e-13
71;-339;48;198;425;207;207;0.178208;0.0986212;-0.506606;0.00870763;0.122621;-0.0227881;-0.00114184;0;3.09133e-13
71;-355;60;177;432;216;216;0.18406;0.0886292;-0.508863;0.00656042;0.118629;-0.0227881;-0.00114184;0;3.09133e-13
72;-364;72;178;454;196;196;0.187248;0.0886848;-0.509665;0.00524831;0.124685;-0.0227881;-0.00114184;0;3.09133e-13
-929;-372;60;161;433;215;215;0.194003;0.0995265;-0.510801;0.0080025;0.129527;-0.0227881;-0.00114184;0;3.09133e-13
72;-383;40;152;415;211;211;0.204993;0.103339;-0.514437;0.0134926;0.123339;-0.0227881;-0.00114184;0;3.09133e-13
72;-404;51;147;442;178;178;0.216484;0.093462;-0.518878;0.014484;0.118962;-0.0227881;-0.00114184;0;3.09133e-13
72;-418;62;126;446;193;193;0.223604;0.0934364;-0.52122;0.0146039;0.124436;-0.0227881;-0.00114184;0;3.09133e-13
71;-426;55;105;426;219;219;0.227678;0.0966923;-0.52221;0.0146784;0.124192;-0.0227881;-0.00114184;0;3.09133e-13
72;-437;47;100;424;207;207;0.234682;0.102368;-0.525213;0.0161816;0.125868;-0.0227881;-0.00114184;0;3.09133e-13
71;-447;35;88;410;211;211;0.242525;0.107649;-0.528578;0.0190249;0.125149;-0.0227881;-0.00114184;0;3.09133e-13
71;-456;34;86;416;196;196;0.246617;0.105524;-0.528749;0.0186173;0.122524;-0.0227881;-0.00114184;0;3.09133e-13
71;-459;37;101;437;161;161;0.251119;0.104986;-0.529012;0.0216187;0.123486;-0.0227881;-0.00114184;0;3.09133e-13
71;-471;32;61;404;217;217;0.261405;0.111796;-0.531734;0.0259055;0.127796;-0.0227881;-0.00114184;0;3.09133e-13
-929;-486;20;54;400;201;201;0.270149;0.114775;-0.53468;0.0271486;0.124775;-0.0227881;-0.00114184;0;3.09133e-13
71;-500;17;34;391;212;212;0.277985;0.114256;-0.536753;0.0279852;0.122756;-0.0227881;-0.00114184;0;3.09133e-13
70;-508;22;33;403;198;198;0.280591;0.113867;-0.536349;0.0265909;0.124867;-0.0227881;-0.00114184;0;3.09133e-13
72;-512;17;30;399;196;196;0.283732;0.116218;-0.537209;0.0277323;0.124718;-0.0227881;-0.00114184;0;3.09133e-13
72;-517;13;24;394;198;198;0.291002;0.119652;-0.53982;0.0325018;0.126152;-0.0227881;-0.00114184;0;3.09133e-13
72;-528;7;17;392;190;190;0.301273;0.125369;-0.541645;0.0372729;0.128869;-0.0227881;-0.00114184;0;3.09133e-13
72;-541;-3;7;385;184;184;0.306149;0.125697;-0.543533;0.0356493;0.124197;-0.0227881;-0.00114184;0;3.09133e-13
71;-549;3;6;398;170;170;0.309977;0.122507;-0.545291;0.0354765;0.124007;-0.0227881;-0.00114184;0;3.09133e-13
-710;-552;5;33;430;111;111;0.329702;0.126357;-0.549642;0.0537017;0.128857;-0.0227881;-0.00114184;0;3.09133e-13
292;-558;0;26;424;113;113;0.333811;0.117804;-0.549649;0.0548105;0.117804;-0.0227881;-0.00114184;0;3.09133e-13
288;-585;0;7;432;96;96;0.214801;0.130384;-0.525877;-0.0776991;0.130384;-0.0227881;-0.00114184;0;3.09133e-13
-710;-519;1;44;404;154;154;0.181773;0.122836;-0.522811;-0.0777266;0.123336;-0.0227881;-0.00114184;0;3.09133e-13
290;-412;0;174;426;109;109;0.156296;0.115751;-0.52089;-0.0497038;0.115751;-0.0227881;-0.00114184;0;3.09133e-13
74;-381;11;165;397;189;189;0.144454;0.117526;-0.517181;-0.0460458;0.123026;-0.0227881;-0.00114184;0;3.09133e-13
72;-330;25;211;406;199;199;0.137438;0.11883;-0.515134;-0.0275621;0.13133;-0.0227881;-0.00114184;0;3.09133e-13
71;-281;37;268;426;182;182;0.13247;0.119601;-0.514339;-0.00803012;0.138101;-0.0227881;-0.00114184;0;3.09133e-13
-710;-263;36;318;457;119;119;0.111271;0.117304;-0.508051;-0.0202289;0.135304;-0.0227881;-0.00114184;0;3.09133e-13
72;-249;35;287;411;209;209;0.102888;0.109392;-0.507214;-0.0216125;0.126892;-0.0227881;-0.00114184;0;3.09133e-13
73;-553;-54;14;353;147;147;0.0945046;0.104154;-0.50592;-0.181995;0.0771542;-0.0227881;-0.00114184;0;3.09133e-13
289;-205;56;379;480;113;113;0.0647352;0.105081;-0.499531;-0.0377648;0.133081;-0.0227881;-0.00114184;0;3.09133e-13
73;-185;67;302;394;307;307;0.0583232;0.104324;-0.49921;-0.0341768;0.137825;-0.0227881;-0.00114184;0;3.09133e-13
72;-167;71;379;457;188;188;0.0529807;0.104008;-0.49768;-0.0305193;0.139508;-0.0227881;-0.00114184;0;3.09133e-13
73;-121;70;413;444;212;212;0.0482275;0.0959588;-0.494059;-0.0122725;0.130959;-0.0227881;-0.00114184;0;3.09133e-13
72;-110;86;444;480;172;172;0.0449582;0.0876273;-0.492149;-0.0100418;0.130627;-0.0227881;-0.00114184;0;3.09133e-13
-712;-103;105;490;538;94;94;0.0197277;0.0755014;-0.48501;-0.0317723;0.128001;-0.0227881;-0.00114184;0;3.09133e-13
72;-87;109;447;483;212;212;0.0155284;0.0650907;-0.486065;-0.0279717;0.119591;-0.0227881;-0.00114184;0;3.09133e-13
289;-73;115;511;539;113;113;-0.00751601;0.0385897;-0.496343;-0.044016;0.0960897;-0.0227881;-0.00114184;0;3.09133e-13
289;-49;159;526;574;130;130;-0.019569;0.0407432;-0.503576;-0.044069;0.120243;-0.0227881;-0.00114184;0;3.09133e-13
-711;-32;178;558;608;100;100;-0.0213952;0.0325915;-0.500481;-0.0373952;0.121592;-0.0227881;-0.00114184;0;3.09133e-13
290;-16;198;573;627;102;102;-0.0189545;0.0415152;-0.498584;-0.0269545;0.140515;-0.0227881;-0.00114184;0;3.09133e-13
73;3;197;534;568;218;218;-0.0198461;0.0457398;-0.497819;-0.0183461;0.14424;-0.0227881;-0.00114184;0;3.09133e-13
288;4;205;592;633;105;105;-0.0209467;0.0688605;-0.497149;-0.0189467;0.17136;-0.0227881;-0.00114184;0;3.09133e-13
288;10;180;595;605;110;110;-0.019487;0.0974846;-0.500618;-0.014487;0.187485;-0.0227881;-0.00114184;0;3.09133e-13
-927;11;163;538;530;227;227;-0.0207584;0.104643;-0.501415;-0.0152584;0.186143;-0.0227881;-0.00114184;0;3.09133e-13
287;16;123;602;549;109;109;-0.0239338;0.150554;-0.506392;-0.0159338;0.212054;-0.0227881;-0.00114184;0;3.09133e-13
73;20;76;560;456;200;200;-0.0254358;0.159627;-0.507829;-0.0154358;0.197627;-0.0227881;-0.00114184;0;3.09133e-13
289;22;49;610;477;104;104;-0.0278838;0.204742;-0.515328;-0.0168838;0.229242;-0.0227881;-0.00114184;0;3.09133e-13
287;32;-4;621;425;103;103;-0.0303816;0.255831;-0.523145;-0.0143816;0.253831;-0.0227881;-0.00114184;0;3.09133e-13
-928;40;-29;558;329;245;245;-0.0304162;0.260518;-0.524321;-0.0104162;0.246018;-0.0227881;-0.00114184;0;3.09133e-13
72;47;-105;571;259;233;233;-0.0307709;0.268607;-0.525979;-0.0072709;0.216107;-0.0227881;-0.00114184;0;3.09133e-13
73;53;-171;565;181;256;256;-0.0313765;0.281795;-0.527165;-0.00487653;0.196295;-0.0227881;-0.00114184;0;3.09133e-13
72;55;-201;566;150;259;259;-0.0316897;0.295107;-0.529046;-0.00418972;0.194607;-0.0227881;-0.00114184;0;3.09133e-13
16;59;-234;502;49;394;394;-0.0317037;0.301073;-0.52981;-0.00220374;0.184073;-0.0227881;-0.00114184;0;3.09133e-13
71;61;-256;572;95;258;258;-0.0311524;0.32258;-0.53357;-0.000652397;0.19458;-0.0227881;-0.00114184;0;3.09133e-13
72;62;-281;577;74;250;250;-0.0312763;0.33851;-0.536189;-0.000276325;0.19801;-0.0227881;-0.00114184;0;3.09133e-13
72;65;-304;586;57;239;239;-0.0322922;0.350893;-0.538458;0.000207778;0.198893;-0.0227881;-0.00114184;0;3.09133e-13
71;67;-320;592;45;230;230;-0.0337508;0.362911;-0.541314;-0.000250794;0.202911;-0.0227881;-0.00114184;0;3.09133e-13
72;72;-339;600;29;224;224;-0.0345563;0.371216;-0.543435;0.00144372;0.201716;-0.0227881;-0.00114184;0;3.09133e-13
70;73;-358;607;16;212;212;-0.0342588;0.382085;-0.546602;0.00224116;0.203085;-0.0227881;-0.00114184;0;3.09133e-13
-929;74;-373;622;15;184;184;-0.0340498;0.391326;-0.548369;0.00295019;0.204826;-0.0227881;-0.00114184;0;3.09133e-13
72;74;-390;629;5;171;171;-0.0348093;0.4042;-0.551346;0.00219068;0.2092;-0.0227881;-0.00114184;0;3.09133e-13
288;78;-420;673;15;91;91;-0.0385525;0.435433;-0.558145;0.000447493;0.225433;-0.0227881;-0.00114184;0;3.09133e-13
71;81;-376;628;11;187;187;-0.039257;0.314608;-0.552624;0.001243;0.126608;-0.0227881;-0.00114184;0;3.09133e-13
72;76;-299;596;61;241;241;-0.0387662;0.30757;-0.551586;-0.000766195;0.15807;-0.0227881;-0.00114184;0;3.09133e-13
72;77;-240;583;106;268;268;-0.0378102;0.295746;-0.550293;0.000689764;0.175746;-0.0227881;-0.00114184;0;3.09133e-13
71;70;-216;585;139;250;250;-0.0377195;0.281475;-0.547831;-0.00271953;0.173475;-0.0227881;-0.00114184;0;3.09133e-13
17;73;-188;509;88;408;408;-0.0379934;0.276406;-0.546856;-0.00149339;0.182406;-0.0227881;-0.00114184;0;3.09133e-13
71;70;-166;512;116;396;396;-0.0385275;0.266468;-0.543821;-0.00352749;0.183468;-0.0227881;-0.00114184;0;3.09133e-13
71;68;-163;580;189;257;257;-0.0378861;0.268737;-0.542747;-0.00388612;0.187237;-0.0227881;-0.00114184;0;3.09133e-13
16;73;-160;509;116;408;408;-0.0375714;0.269233;-0.541833;-0.00107142;0.189233;-0.0227881;-0.00114184;0;3.09133e-13
71;67;-150;582;205;251;251;-0.0369551;0.25165;-0.538654;-0.00345511;0.17665;-0.0227881;-0.00114184;0;3.09133e-13
-921;63;-113;575;239;257;257;-0.0364468;0.227159;-0.535257;-0.00494681;0.170659;-0.0227881;-0.00114184;0;3.09133e-13
111;62;-84;588;282;228;228;-0.0385623;0.208795;-0.530727;-0.00756231;0.166795;-0.0227881;-0.00114184;0;3.09133e-13
111;62;-63;598;313;208;208;-0.0402623;0.198077;-0.528434;-0.00926234;0.166577;-0.0227881;-0.00114184;0;3.09133e-13
111;66;-50;558;282;297;297;-0.0399767;0.183989;-0.526052;-0.0069767;0.158989;-0.0227881;-0.00114184;0;3.09133e-13
362;60;-26;642;396;117;117;-0.0411547;0.129143;-0.513352;-0.0111547;0.116143;-0.0227881;-0.00114184;0;3.09133e-13
-712;57;3;640;426;115;115;-0.0459227;0.0861037;-0.504466;-0.0174227;0.0876037;-0.0227881;-0.00114184;0;3.09133e-13
72;53;41;604;432;178;178;-0.0450811;0.0791772;-0.50305;-0.0185811;0.0996772;-0.0227881;-0.00114184;0;3.09133e-13
288;57;90;646;519;102;102;-0.04579;0.047167;-0.496132;-0.01729;0.092167;-0.0227881;-0.00114184;0;3.09133e-13
72;54;151;531;468;327;327;-0.0460009;0.0363113;-0.494053;-0.0190009;0.111811;-0.0227881;-0.00114184;0;3.09133e-13
73;55;176;609;570;172;172;-0.0460646;0.025308;-0.49233;-0.0185646;0.113308;-0.0227881;-0.00114184;0;3.09133e-13
287;53;219;646;652;95;95;-0.0462825;-0.00278302;-0.484978;-0.0197825;0.106717;-0.0227881;-0.00114184;0;3.09133e-13
-710;51;243;641;673;101;101;-0.0441787;-0.0474783;-0.477388;-0.0186787;0.0740217;-0.0227881;-0.00114184;0;3.09133e-13
288;50;263;639;692;102;102;-0.0458991;-0.0666363;-0.470882;-0.0208991;0.0648637;-0.0227881;-0.00114184;0;3.09133e-13
289;44;323;626;745;116;116;-0.0460319;-0.0800632;-0.466379;-0.0240319;0.0814368;-0.0227881;-0.00114184;0;3.09133e-13
-713;40;373;625;798;110;110;-0.0493674;-0.104126;-0.460654;-0.0293674;0.0823739;-0.0227881;-0.00114184;0;3.09133e-13
287;40;392;599;791;162;162;-0.0516957;-0.117931;-0.456043;-0.0316957;0.0780691;-0.0227881;-0.00114184;0;3.09133e-13
290;37;416;630;849;95;95;-0.0526793;-0.12991;-0.452271;-0.0341793;0.0780903;-0.0227881;-0.00114184;0;3.09133e-13
286;57;408;647;838;100;100;-0.0529559;-0.0241508;-0.467509;-0.0244559;0.179849;-0.0227881;-0.00114184;0;3.09133e-13
-710;58;388;638;808;121;121;-0.0537785;-0.00874019;-0.470809;-0.0247785;0.18526;-0.0227881;-0.00114184;0;3.09133e-13
288;57;355;642;780;111;111;-0.0541668;0.00567097;-0.47327;-0.0256668;0.183171;-0.0227881;-0.00114184;0;3.09133e-13
72;61;312;612;703;178;178;-0.054414;0.0125385;-0.47406;-0.023914;0.168538;-0.0227881;-0.00114184;0;3.09133e-13
288;64;290;649;715;110;110;-0.0536775;0.028964;-0.478612;-0.0216775;0.173964;-0.0227881;-0.00114184;0;3.09133e-13
72;70;253;612;635;197;197;-0.0534284;0.0307834;-0.479817;-0.0184284;0.157283;-0.0227881;-0.00114184;0;3.09133e-13
-928;71;243;625;637;172;172;-0.0534829;0.034205;-0.480497;-0.0179829;0.155705;-0.0227881;-0.00114184;0;3.09133e-13
73;68;238;599;609;218;218;-0.0539567;0.0386752;-0.480673;-0.0199567;0.157675;-0.0227881;-0.00114184;0;3.09133e-13
71;68;229;610;611;197;197;-0.0544659;0.0472202;-0.482037;-0.0204659;0.16172;-0.0227881;-0.00114184;0;3.09133e-13
288;71;219;651;639;120;120;-0.0530485;0.0710002;-0.487058;-0.0175485;0.1805;-0.0227881;-0.00114184;0;3.09133e-13
290;73;198;658;623;111;111;-0.0531249;0.0952098;-0.492355;-0.0166249;0.19421;-0.0227881;-0.00114184;0;3.09133e-13
73;76;181;611;556;210;210;-0.0535319;0.107504;-0.494822;-0.0155319;0.198004;-0.0227881;-0.00114184;0;3.09133e-13
-712;72;168;658;594;109;109;-0.0478847;0.125036;-0.498648;-0.0118847;0.209036;-0.0227881;-0.00114184;0;3.09133e-13
73;78;115;591;468;254;254;-0.0454722;0.13199;-0.500265;-0.00647216;0.18949;-0.0227881;-0.00114184;0;3.09133e-13
71;78;107;559;428;318;318;-0.0444832;0.13851;-0.501444;-0.00548315;0.19201;-0.0227881;-0.00114184;0;3.09133e-13
72;68;66;595;433;226;226;-0.0442111;0.144902;-0.503082;-0.0102111;0.177902;-0.0227881;-0.00114184;0;3.09133e-13
73;68;48;594;414;229;229;-0.0435598;0.153835;-0.504658;-0.00955977;0.177835;-0.0227881;-0.00114184;0;3.09133e-13
72;67;29;572;374;270;270;-0.0417662;0.159894;-0.505579;-0.0082662;0.174394;-0.0227881;-0.00114184;0;3.09133e-13
73;62;34;567;379;271;271;-0.0365365;0.127451;-0.504489;-0.00553648;0.144451;-0.0227881;-0.00114184;0;3.09133e-13
72;49;106;578;475;223;223;-0.0343868;0.0947596;-0.503212;-0.00988679;0.14776;-0.0227881;-0.00114184;0;3.09133e-13
-712;43;134;625;556;116;116;-0.0272594;0.089923;-0.502734;-0.00575935;0.156923;-0.0227881;-0.00114184;0;3.09133e-13
72;39;137;551;489;256;256;-0.0259839;0.0989336;-0.502437;-0.00648391;0.167434;-0.0227881;-0.00114184;0;3.09133e-13
72;32;142;524;474;297;297;-0.0245996;0.0942908;-0.503638;-0.00859964;0.165291;-0.0227881;-0.00114184;0;3.09133e-13
72;33;122;572;501;202;202;-0.0266345;0.0828147;-0.503442;-0.0101345;0.143815;-0.0227881;-0.00114184;0;3.09133e-13
72;33;153;587;547;172;172;-0.028769;0.0722568;-0.500939;-0.012269;0.148757;-0.0227881;-0.00114184;0;3.09133e-13
72;34;172;585;563;178;178;-0.0295319;0.0716494;-0.499955;-0.0125319;0.157649;-0.0227881;-0.00114184;0;3.09133e-13
71;40;158;572;530;216;216;-0.0283768;0.0826637;-0.500741;-0.00837683;0.161664;-0.0227881;-0.00114184;0;3.09133e-13
73;39;142;586;529;187;187;-0.0291089;0.0902156;-0.50148;-0.0096089;0.161216;-0.0227881;-0.00114184;0;3.09133e-13
72;41;137;543;479;276;276;-0.0328117;0.0858282;-0.500344;-0.0123117;0.154328;-0.0227881;-0.00114184;0;3.09133e-13
72;42;150;542;490;280;280;-0.0351764;0.0796295;-0.502029;-0.0141764;0.15463;-0.0227881;-0.00114184;0;3.09133e-13
72;46;159;580;533;213;213;-0.0364103;0.0774362;-0.500408;-0.0134103;0.156936;-0.0227881;-0.00114184;0;3.09133e-13
-929;49;164;593;548;193;193;-0.0403576;0.0761356;-0.499688;-0.0158576;0.158136;-0.0227881;-0.00114184;0;3.09133e-13
72;57;153;593;529;209;209;-0.0422443;0.0855016;-0.501676;-0.0137443;0.162002;-0.0227881;-0.00114184;0;3.09133e-13
73;67;141;577;491;261;261;-0.0446007;0.0864989;-0.501918;-0.0111007;0.156999;-0.0227881;-0.00114184;0;3.09133e-13
71;76;155;613;532;206;206;-0.0484128;0.0817594;-0.499297;-0.0104128;0.159259;-0.0227881;-0.00114184;0;3.09133e-13
16;94;162;532;440;404;404;-0.0494642;0.0813978;-0.498935;-0.0024642;0.162398;-0.0227881;-0.00114184;0;3.09133e-13
71;104;159;628;523;232;232;-0.0535983;0.084956;-0.500055;-0.00159825;0.164456;-0.0227881;-0.00114184;0;3.09133e-13
17;124;164;561;441;406;406;-0.0555599;0.085464;-0.500349;0.00644015;0.167464;-0.0227881;-0.00114184;0;3.09133e-13
25;135;168;584;457;382;382;-0.0561497;0.0845457;-0.49943;0.0113503;0.168546;-0.0227881;-0.00114184;0;3.09133e-13
26;141;168;581;448;401;401;-0.0541696;0.0837811;-0.499175;0.0163304;0.167781;-0.0227881;-0.00114184;0;3.09133e-13
25;157;170;589;442;417;417;-0.0541995;0.0842374;-0.499409;0.0243005;0.169237;-0.0227881;-0.00114184;0;3.09133e-13
25;174;167;615;448;398;398;-0.0558128;0.087545;-0.500305;0.0311872;0.171045;-0.0227881;-0.00114184;0;3.09133e-13
25;194;157;623;426;422;422;-0.0573615;0.0928656;-0.501021;0.0396385;0.171366;-0.0227881;-0.00114184;0;3.09133e-13
25;213;161;638;426;430;430;-0.057587;0.0933597;-0.500581;0.048913;0.17386;-0.0227881;-0.00114184;0;3.09133e-13
26;224;175;647;438;434;434;-0.0584234;0.0886583;-0.498324;0.0535766;0.176158;-0.0227881;-0.00114184;0;3.09133e-13
25;243;184;662;443;442;442;-0.0590721;0.0838209;-0.498279;0.0624279;0.175821;-0.0227881;-0.00114184;0;3.09133e-13
25;260;201;712;493;376;376;-0.0594041;0.0796758;-0.498638;0.0705959;0.180176;-0.0227881;-0.00114184;0;3.09133e-13
25;278;210;724;496;389;389;-0.0608831;0.0709657;-0.503226;0.078117;0.175966;-0.0227881;-0.00114184;0;3.09133e-13
25;286;215;730;499;393;393;-0.0588298;0.0707797;-0.509215;0.0841702;0.17828;-0.0227881;-0.00114184;0;3.09133e-13
27;296;199;740;483;393;393;-0.0581094;0.0770603;-0.518668;0.0898906;0.17656;-0.0227881;-0.00114184;0;3.09133e-13
24;294;190;739;475;391;391;-0.0557209;0.0782244;-0.523001;0.0912791;0.173224;-0.0227881;-0.00114184;0;3.09133e-13
25;299;183;730;454;418;418;-0.0538484;0.0807572;-0.522157;0.0956516;0.172257;-0.0227881;-0.00114184;0;3.09133e-13
24;306;178;741;453;410;410;-0.0545343;0.0824137;-0.521897;0.0984657;0.171414;-0.0227881;-0.00114184;0;3.09133e-13
27;316;178;752;454;408;408;-0.0550067;0.0839964;-0.521548;0.102993;0.172996;-0.0227881;-0.00114184;0;3.09133e-13
24;326;165;764;443;405;405;-0.0569869;0.087551;-0.521132;0.106013;0.170051;-0.0227881;-0.00114184;0;3.09133e-13
25;324;155;745;416;439;439;-0.0560572;0.092084;-0.519657;0.105943;0.169584;-0.0227881;-0.00114184;0;3.09133e-13
25;344;159;776;431;416;416;-0.0589097;0.0929672;-0.514996;0.11309;0.172467;-0.0227881;-0.00114184;0;3.09133e-13
26;350;173;788;451;404;404;-0.0567063;0.0859727;-0.509435;0.118294;0.172473;-0.0227881;-0.00114184;0;3.09133e-13
24;355;159;789;433;412;412;-0.0544197;0.0886017;-0.505391;0.12308;0.168102;-0.0227881;-0.00114184;0;3.09133e-13
24;370;159;802;431;417;417;-0.0538874;0.0937037;-0.499358;0.131113;0.173204;-0.0227881;-0.00114184;0;3.09133e-13
24;387;171;818;442;419;419;-0.0572015;0.0874688;-0.490179;0.136298;0.172969;-0.0227881;-0.00114184;0;3.09133e-13
25;402;176;845;459;394;394;-0.0594966;0.0822296;-0.482635;0.141503;0.17023;-0.0227881;-0.00114184;0;3.09133e-13
24;415;170;856;451;399;399;-0.0580501;0.0886699;-0.476863;0.14945;0.17367;-0.0227881;-0.00114184;0;3.09133e-13
25;423;158;869;444;389;389;-0.0566535;0.0955007;-0.472464;0.154847;0.174501;-0.0227881;-0.00114184;0;3.09133e-13
25;426;153;868;435;396;396;-0.0557371;0.0980881;-0.468757;0.157263;0.174588;-0.0227881;-0.00114184;0;3.09133e-13
24;440;157;889;446;382;382;-0.0568001;0.0975959;-0.467548;0.1632;0.176096;-0.0227881;-0.00114184;0;3.09133e-13
24;449;160;906;457;367;367;-0.0581477;0.0955077;-0.465736;0.166352;0.175508;-0.0227881;-0.00114184;0;3.09133e-13
24;456;162;914;460;364;364;-0.0588423;0.0948437;-0.465668;0.169158;0.175844;-0.0227881;-0.00114184;0;3.09133e-13
25;460;154;921;455;358;358;-0.0584;0.0970074;-0.4652;0.1716;0.174007;-0.0227881;-0.00114184;0;3.09133e-13
111;463;152;990;519;227;227;-0.058637;0.0948979;-0.463907;0.172863;0.170898;-0.0227881;-0.00114184;0;3.09133e-13
112;470;157;996;523;229;229;-0.0591212;0.0947808;-0.46531;0.175879;0.173281;-0.0227881;-0.00114184;0;3.09133e-13
-889;480;157;1014;531;212;212;-0.0594052;0.0960817;-0.466063;0.180595;0.174582;-0.0227881;-0.00114184;0;3.09133e-13
94;491;158;1024;531;215;215;-0.0589845;0.0949827;-0.463459;0.186515;0.173983;-0.0227881;-0.00114184;0;3.09133e-13
72;498;159;1037;538;203;203;-0.0590961;0.09429;-0.461723;0.189904;0.17379;-0.0227881;-0.00114184;0;3.09133e-13
72;507;162;1046;541;202;202;-0.0595611;0.0938003;-0.46041;0.193939;0.1748;-0.0227881;-0.00114184;0;3.09133e-13
72;514;161;1058;545;192;192;-0.0605646;0.0921883;-0.458319;0.196435;0.172688;-0.0227881;-0.00114184;0;3.09133e-13
71;519;164;1068;553;183;183;-0.0615051;0.0941196;-0.458599;0.197995;0.17612;-0.0227881;-0.00114184;0;3.09133e-13
73;525;158;1073;546;184;184;-0.0621921;0.0950031;-0.458699;0.200308;0.174003;-0.0227881;-0.00114184;0;3.09133e-13
72;531;161;1082;552;178;178;-0.0638324;0.0931033;-0.458748;0.201668;0.173603;-0.0227881;-0.00114184;0;3.09133e-13
72;535;167;1087;559;176;176;-0.065142;0.0901079;-0.459754;0.202358;0.173608;-0.0227881;-0.00114184;0;3.09133e-13
72;540;165;1093;558;174;174;-0.065592;0.0904899;-0.459311;0.204408;0.17299;-0.0227881;-0.00114184;0;3.09133e-13
-929;543;164;1100;561;167;167;-0.0669317;0.0922574;-0.457634;0.204568;0.174257;-0.0227881;-0.00114184;0;3.09133e-13
72;554;161;1118;565;153;153;-0.0695377;0.0923596;-0.454645;0.207462;0.17286;-0.0227881;-0.00114184;0;3.09133e-13
71;560;166;1122;568;156;156;-0.0705839;0.0881902;-0.454007;0.209416;0.17119;-0.0227881;-0.00114184;0;3.09133e-13
289;567;172;1156;601;103;103;-0.0624128;0.0958191;-0.455048;0.221087;0.181819;-0.0227881;-0.00114184;0;3.09133e-13
290;568;166;1160;598;96;96;-0.0599203;0.0902409;-0.450253;0.22408;0.173241;-0.0227881;-0.00114184;0;3.09133e-13
71;558;159;1122;563;152;152;-0.0595772;0.0856359;-0.449283;0.219423;0.165136;-0.0227881;-0.00114184;0;3.09133e-13
72;551;166;1109;564;165;165;-0.0592213;0.08302;-0.447172;0.216279;0.16602;-0.0227881;-0.00114184;0;3.09133e-13
-927;559;181;1122;584;154;154;-0.0586041;0.0827034;-0.445614;0.220896;0.173203;-0.0227881;-0.00114184;0;3.09133e-13
291;559;177;1146;604;106;106;-0.0567149;0.0806814;-0.444064;0.222785;0.169181;-0.0227881;-0.00114184;0;3.09133e-13
72;556;176;1119;579;154;154;-0.0561508;0.0823184;-0.44285;0.221849;0.170318;-0.0227881;-0.00114184;0;3.09133e-13
72;555;181;1114;580;162;162;-0.0563051;0.0842233;-0.441764;0.221195;0.174723;-0.0227881;-0.00114184;0;3.09133e-13
72;558;178;1122;582;152;152;-0.0559596;0.083107;-0.440285;0.22304;0.172107;-0.0227881;-0.00114184;0;3.09133e-13
74;560;174;1124;578;152;152;-0.0554125;0.0843276;-0.438634;0.224587;0.171328;-0.0227881;-0.00114184;0;3.09133e-13
289;566;172;1158;604;97;97;-0.0570206;0.08128;-0.434821;0.225979;0.16728;-0.0227881;-0.00114184;0;3.09133e-13
-710;572;171;1159;598;106;106;-0.0547538;0.0882483;-0.435931;0.231246;0.173748;-0.0227881;-0.00114184;0;3.09133e-13
289;575;178;1165;608;100;100;-0.0530608;0.0797708;-0.434471;0.234439;0.168771;-0.0227881;-0.00114184;0;3.09133e-13
289;575;172;1169;606;93;93;-0.0465703;0.0594204;-0.441327;0.24093;0.14542;-0.0227881;-0.00114184;0;3.09133e-13
-711;571;178;1166;613;91;91;-0.0509745;0.0881008;-0.453698;0.234526;0.177101;-0.0227881;-0.00114184;0;3.09133e-13
291;558;185;1144;611;108;108;-0.0559263;0.0744216;-0.459696;0.223074;0.166922;-0.0227881;-0.00114184;0;3.09133e-13
73;510;214;1054;598;193;193;-0.0567924;0.0765198;-0.464989;0.198208;0.18352;-0.0227881;-0.00114184;0;3.09133e-13
73;475;179;1005;549;220;220;-0.058107;0.082613;-0.468269;0.179393;0.172113;-0.0227881;-0.00114184;0;3.09133e-13
17;455;197;926;508;339;339;-0.058107;0.082613;-0.468269;0.169393;0.181113;-0.0227881;-0.00114184;0;3.09133e-13
18;445;187;902;484;367;367;-0.058872;0.0856241;-0.469302;0.163628;0.179124;-0.0227881;-0.00114184;0;3.09133e-13
16;431;185;889;483;365;365;-0.0589992;0.08825;-0.471274;0.156501;0.18075;-0.0227881;-0.00114184;0;3.09133e-13
16;404;191;850;477;388;388;-0.0564274;0.0837468;-0.476179;0.145573;0.179247;-0.0227881;-0.00114184;0;3.09133e-13
16;388;183;818;453;420;420;-0.0544004;0.0854286;-0.48152;0.1396;0.176929;-0.0227881;-0.00114184;0;3.09133e-13
24;370;184;812;466;397;397;-0.056057;0.083373;-0.487728;0.128943;0.175373;-0.0227881;-0.00114184;0;3.09133e-13
24;350;188;787;465;407;407;-0.0567947;0.0811802;-0.492643;0.118205;0.17518;-0.0227881;-0.00114184;0;3.09133e-13
24;334;189;783;478;382;382;-0.0560451;0.0823516;-0.497403;0.110955;0.176852;-0.0227881;-0.00114184;0;3.09133e-13
24;310;189;758;477;384;384;-0.0558604;0.0770799;-0.500043;0.0991396;0.17158;-0.0227881;-0.00114184;0;3.09133e-13
24;285;205;727;487;396;396;-0.0513365;0.0709619;-0.500474;0.0911635;0.173462;-0.0227881;-0.00114184;0;3.09133e-13
24;253;195;698;480;391;391;-0.0476867;0.0739294;-0.501879;0.0788133;0.171429;-0.0227881;-0.00114184;0;3.09133e-13
26;234;182;665;453;419;419;-0.0480083;0.0808301;-0.504583;0.0689917;0.17183;-0.0227881;-0.00114184;0;3.09133e-13
24;222;181;631;430;462;462;-0.0502408;0.0828348;-0.505692;0.0607592;0.173335;-0.0227881;-0.00114184;0;3.09133e-13
25;199;183;650;474;379;379;-0.0481233;0.08281;-0.504431;0.0513767;0.17431;-0.0227881;-0.00114184;0;3.09133e-13
24;178;187;636;485;365;365;-0.0445138;0.0816083;-0.501248;0.0444862;0.175108;-0.0227881;-0.00114184;0;3.09133e-13
24;171;192;620;481;382;382;-0.0446062;0.0784705;-0.499585;0.0408938;0.17447;-0.0227881;-0.00114184;0;3.09133e-13
24;172;194;627;489;371;371;-0.0516065;0.0782472;-0.501151;0.0343935;0.175247;-0.0227881;-0.00114184;0;3.09133e-13
25;174;201;626;493;376;376;-0.0581683;0.0743862;-0.507367;0.0288317;0.174886;-0.0227881;-0.00114184;0;3.09133e-13
24;163;194;619;490;368;368;-0.0609185;0.076932;-0.513454;0.0205815;0.173932;-0.0227881;-0.00114184;0;3.09133e-13
25;148;192;594;478;388;388;-0.0566311;0.0784417;-0.51787;0.0173689;0.174442;-0.0227881;-0.00114184;0;3.09133e-13
25;120;186;598;504;325;325;-0.0514567;0.0770004;-0.52308;0.00854329;0.17;-0.0227881;-0.00114184;0;3.09133e-13
111;103;183;622;542;242;242;-0.0528943;0.0723978;-0.53017;-0.0013943;0.163898;-0.0227881;-0.00114184;0;3.09133e-13
111;90;189;619;558;222;222;-0.0536899;0.071094;-0.530712;-0.00868988;0.165594;-0.0227881;-0.00114184;0;3.09133e-13
109;77;188;598;549;238;238;-0.0520284;0.072395;-0.530058;-0.0135284;0.166395;-0.0227881;-0.00114184;0;3.09133e-13
-890;63;186;581;544;245;245;-0.0505085;0.0685136;-0.531944;-0.0190085;0.161514;-0.0227881;-0.00114184;0;3.09133e-13
24;55;190;486;461;418;418;-0.0505085;0.0685136;-0.531944;-0.0230085;0.163514;-0.0227881;-0.00114184;0;3.09133e-13
25;44;190;474;460;420;420;-0.0499771;0.0672192;-0.531927;-0.0279771;0.162219;-0.0227881;-0.00114184;0;3.09133e-13
25;29;199;461;471;416;416;-0.0506754;0.067033;-0.531125;-0.0361754;0.166533;-0.0227881;-0.00114184;0;3.09133e-13
24;23;208;475;500;377;377;-0.0517122;0.0658856;-0.529474;-0.0402122;0.169886;-0.0227881;-0.00114184;0;3.09133e-13
24;-1;202;448;491;383;383;-0.0507787;0.0675735;-0.529743;-0.0512787;0.168574;-0.0227881;-0.00114184;0;3.09133e-13
25;-18;192;435;485;375;375;-0.0470471;0.0739788;-0.530633;-0.0560471;0.169979;-0.0227881;-0.00114184;0;3.09133e-13
27;-34;195;407;476;399;399;-0.0463895;0.0719591;-0.534017;-0.0633895;0.169459;-0.0227881;-0.00114184;0;3.09133e-13
25;-42;213;405;500;387;387;-0.0480695;0.0619995;-0.535804;-0.0690695;0.1685;-0.0227881;-0.00114184;0;3.09133e-13
26;-60;221;380;501;401;401;-0.0488384;0.0561973;-0.538638;-0.0788384;0.166697;-0.0227881;-0.00114184;0;3.09133e-13
25;-74;221;360;495;413;413;-0.0466639;0.0563781;-0.53983;-0.0836639;0.166878;-0.0227881;-0.00114184;0;3.09133e-13
-974;-94;220;333;487;426;426;-0.0429094;0.0548084;-0.541372;-0.0899094;0.164808;-0.0227881;-0.00114184;0;3.09133e-13
25;-114;222;323;499;406;406;-0.0418027;0.0526519;-0.541915;-0.0988027;0.163652;-0.0227881;-0.00114184;0;3.09133e-13
26;-124;234;325;523;382;382;-0.0433374;0.0472996;-0.543624;-0.105337;0.1643;-0.0227881;-0.00114184;0;3.09133e-13
25;-136;240;305;521;399;399;-0.0428845;0.0435718;-0.54491;-0.110884;0.163572;-0.0227881;-0.00114184;0;3.09133e-13
25;-147;233;298;518;390;390;-0.0421883;0.0461211;-0.546329;-0.115688;0.162621;-0.0227881;-0.00114184;0;3.09133e-13
26;-156;231;286;513;396;396;-0.0427845;0.0499316;-0.545674;-0.120784;0.165432;-0.0227881;-0.00114184;0;3.09133e-13
27;-162;229;275;506;407;407;-0.0435451;0.050507;-0.545105;-0.124545;0.165007;-0.0227881;-0.00114184;0;3.09133e-13
25;-175;249;278;542;374;374;-0.0435675;0.0430456;-0.541308;-0.131067;0.167546;-0.0227881;-0.00114184;0;3.09133e-13
25;-195;253;246;534;398;398;-0.0413208;0.0383542;-0.540129;-0.138821;0.164854;-0.0227881;-0.00114184;0;3.09133e-13
26;-206;249;246;541;376;376;-0.0389658;0.0438041;-0.542126;-0.141966;0.168304;-0.0227881;-0.00114184;0;3.09133e-13
-974;-222;251;222;535;392;392;-0.0369629;0.0421875;-0.54569;-0.147963;0.167688;-0.0227881;-0.00114184;0;3.09133e-13
26;-246;260;205;551;378;378;-0.0329235;0.0382439;-0.548178;-0.155923;0.168244;-0.0227881;-0.00114184;0;3.09133e-13
26;-266;256;189;551;371;371;-0.0297305;0.0359589;-0.551891;-0.162731;0.163959;-0.0227881;-0.00114184;0;3.09133e-13
24;-281;258;167;546;384;384;-0.0274341;0.0359114;-0.553862;-0.167934;0.164911;-0.0227881;-0.00114184;0;3.09133e-13
25;-299;262;156;557;370;370;-0.0260656;0.0334443;-0.55679;-0.175566;0.164444;-0.0227881;-0.00114184;0;3.09133e-13
25;-305;269;154;568;363;363;-0.0286515;0.0277384;-0.556764;-0.181151;0.162238;-0.0227881;-0.00114184;0;3.09133e-13
27;-312;268;142;562;372;372;-0.0313383;0.0271705;-0.558088;-0.187338;0.16117;-0.0227881;-0.00114184;0;3.09133e-13
25;-318;266;139;563;366;366;-0.0307452;0.0283781;-0.559276;-0.189745;0.161378;-0.0227881;-0.00114184;0;3.09133e-13
25;-333;265;124;562;367;367;-0.0296386;0.029152;-0.561;-0.196139;0.161652;-0.0227881;-0.00114184;0;3.09133e-13
26;-340;263;117;560;366;366;-0.028711;0.0277494;-0.563261;-0.198711;0.159249;-0.0227881;-0.00114184;0;3.09133e-13
-974;-352;265;98;555;381;381;-0.0274969;0.0246664;-0.565614;-0.203497;0.157166;-0.0227881;-0.00114184;0;3.09133e-13
25;-360;271;101;572;358;358;-0.0279879;0.023684;-0.567104;-0.207988;0.159184;-0.0227881;-0.00114184;0;3.09133e-13
26;-370;268;82;560;376;376;-0.0271766;0.0211019;-0.568766;-0.212177;0.155102;-0.0227881;-0.00114184;0;3.09133e-13
24;-379;267;72;558;378;378;-0.0257057;0.021488;-0.568833;-0.215206;0.154988;-0.0227881;-0.00114184;0;3.09133e-13
26;-388;265;54;547;397;397;-0.0245111;0.0229602;-0.569446;-0.218511;0.15546;-0.0227881;-0.00114184;0;3.09133e-13
25;-390;265;55;550;390;390;-0.0251975;0.0220773;-0.56938;-0.220197;0.154577;-0.0227881;-0.00114184;0;3.09133e-13
26;-391;264;51;546;396;396;-0.0256531;0.0201869;-0.56948;-0.221153;0.152187;-0.0227881;-0.00114184;0;3.09133e-13
25;-392;268;60;560;377;377;-0.0249296;0.0210396;-0.569851;-0.22093;0.15504;-0.0227881;-0.00114184;0;3.09133e-13
24;-404;263;44;551;384;384;-0.0240104;0.0238629;-0.570266;-0.22601;0.155363;-0.0227881;-0.00114184;0;3.09133e-13
24;-406;260;38;544;393;393;-0.0231934;0.0267499;-0.571052;-0.226193;0.15675;-0.0227881;-0.00114184;0;3.09133e-13
-976;-413;253;31;537;392;392;-0.0233755;0.0270558;-0.571534;-0.229875;0.153556;-0.0227881;-0.00114184;0;3.09133e-13
25;-414;261;32;547;388;388;-0.0226474;0.023033;-0.571723;-0.229647;0.153533;-0.0227881;-0.00114184;0;3.09133e-13
24;-419;262;27;548;388;388;-0.0208799;0.0226723;-0.573275;-0.23038;0.153672;-0.0227881;-0.00114184;0;3.09133e-13
24;-424;256;34;554;365;365;-0.0204298;0.0244288;-0.574443;-0.23243;0.152429;-0.0227881;-0.00114184;0;3.09133e-13
24;-425;256;32;553;367;367;-0.0212434;0.0244588;-0.575287;-0.233743;0.152459;-0.0227881;-0.00114184;0;3.09133e-13
24;-431;257;32;560;354;354;-0.0211538;0.0240124;-0.576279;-0.236654;0.152512;-0.0227881;-0.00114184;0;3.09133e-13
26;-427;251;26;544;374;374;-0.0203406;0.0292629;-0.575623;-0.233841;0.154763;-0.0227881;-0.00114184;0;3.09133e-13
25;-437;250;25;552;357;357;-0.018692;0.0257915;-0.575194;-0.237192;0.150792;-0.0227881;-0.00114184;0;3.09133e-13
24;-448;264;21;573;343;343;-0.0152487;0.0188421;-0.575071;-0.239249;0.150842;-0.0227881;-0.00114184;0;3.09133e-13
24;-454;264;18;576;336;336;-0.0148122;0.0192868;-0.575153;-0.241812;0.151287;-0.0227881;-0.00114184;0;3.09133e-13
-977;-461;257;6;564;347;347;-0.0144123;0.0227309;-0.575178;-0.244912;0.151231;-0.0227881;-0.00114184;0;3.09133e-13
24;-466;251;13;570;323;323;-0.0121832;0.0233941;-0.575989;-0.245183;0.148894;-0.0227881;-0.00114184;0;3.09133e-13
24;-475;249;5;569;321;321;-0.0105262;0.0244112;-0.577212;-0.248026;0.148911;-0.0227881;-0.00114184;0;3.09133e-13
24;-475;249;5;569;321;321;-0.0110186;0.0241784;-0.578776;-0.248519;0.148678;-0.0227881;-0.00114184;0;3.09133e-13
111;-483;248;44;615;227;227;-0.00927387;0.024333;-0.581378;-0.250774;0.148333;-0.0227881;-0.00114184;0;3.09133e-13
113;-489;247;38;614;227;227;-0.00889307;0.027729;-0.581812;-0.253393;0.151229;-0.0227881;-0.00114184;0;3.09133e-13
25;342;-29;852;321;260;260;-0.00887663;0.0286242;-0.582029;0.162123;0.0141242;-0.0227881;-0.00114184;0;3.09133e-13
24;339;-29;849;321;260;260;-0.0081635;0.0287082;-0.582775;0.161337;0.0142082;-0.0227881;-0.00114184;0;3.09133e-13
111;-502;237;30;609;217;217;-0.00927541;0.0300358;-0.585635;-0.260275;0.148536;-0.0227881;-0.00114184;0;3.09133e-13
-889;-499;237;33;609;217;217;-0.00890027;0.0210136;-0.585113;-0.2584;0.139514;-0.0227881;-0.00114184;0;3.09133e-13
98;-501;250;32;623;214;214;-0.00495588;0.0199427;-0.587557;-0.255456;0.144943;-0.0227881;-0.00114184;0;3.09133e-13
74;-504;250;25;619;222;222;-0.00541887;0.0288665;-0.587164;-0.257419;0.153866;-0.0227881;-0.00114184;0;3.09133e-13
73;-499;231;29;599;224;224;-0.0071099;0.0296826;-0.586975;-0.25661;0.145183;-0.0227881;-0.00114184;0;3.09133e-13
73;-501;237;32;610;215;215;-0.00476034;0.0266562;-0.587849;-0.25526;0.145156;-0.0227881;-0.00114184;0;3.09133e-13
73;-502;241;30;613;217;217;-0.00294812;0.0267871;-0.58784;-0.253948;0.147287;-0.0227881;-0.00114184;0;3.09133e-13
16;339;-29;849;321;260;260;-0.00361148;0.0265903;-0.586936;0.165889;0.0120903;-0.0227881;-0.00114184;0;3.09133e-13
74;-484;245;44;613;224;224;-0.0050223;0.0284695;-0.58128;-0.247022;0.15097;-0.0227881;-0.00114184;0;3.09133e-13
24;-474;245;4;563;325;325;-0.00434931;0.0289788;-0.580462;-0.241349;0.151479;-0.0227881;-0.00114184;0;3.09133e-13
23;-466;248;13;567;323;323;-0.00238655;0.0290184;-0.578977;-0.235387;0.153018;-0.0227881;-0.00114184;0;3.09133e-13
24;-459;251;12;562;339;339;-0.000981794;0.0284528;-0.577068;-0.230482;0.153953;-0.0227881;-0.00114184;0;3.09133e-13
24;-452;251;21;564;334;334;-0.00215063;0.0277366;-0.575963;-0.228151;0.153237;-0.0227881;-0.00114184;0;3.09133e-13
24;-436;255;16;547;377;377;-0.00419448;0.0313244;-0.575143;-0.222194;0.158824;-0.0227881;-0.00114184;0;3.09133e-13
24;-431;251;26;548;367;367;-0.00410467;0.033424;-0.575834;-0.219605;0.158924;-0.0227881;-0.00114184;0;3.09133e-13
24;-425;252;29;546;372;372;-0.00258818;0.0336797;-0.577905;-0.215088;0.15968;-0.0227881;-0.00114184;0;3.09133e-13
24;-420;253;18;531;405;405;-0.00274048;0.0288854;-0.579271;-0.21274;0.155385;-0.0227881;-0.00114184;0;3.09133e-13
25;-412;265;34;551;388;388;-0.00205966;0.0261836;-0.581648;-0.20806;0.158684;-0.0227881;-0.00114184;0;3.09133e-13
26;-404;257;40;541;392;392;-0.0019195;0.0320365;-0.583029;-0.20392;0.160536;-0.0227881;-0.00114184;0;3.09133e-13
24;-389;244;59;532;384;384;-0.00355011;0.0357595;-0.583525;-0.19805;0.15776;-0.0227881;-0.00114184;0;3.09133e-13
24;-378;255;71;544;383;383;-0.00644371;0.0325457;-0.584352;-0.195444;0.160046;-0.0227881;-0.00114184;0;3.09133e-13
24;-367;267;86;560;374;374;-0.00614728;0.023728;-0.583533;-0.189647;0.157228;-0.0227881;-0.00114184;0;3.09133e-13
25;-361;275;104;580;351;351;-0.0050197;0.020342;-0.58431;-0.18552;0.157842;-0.0227881;-0.00114184;0;3.09133e-13
24;-347;275;111;573;364;364;-0.00638805;0.0222286;-0.587158;-0.179888;0.159729;-0.0227881;-0.00114184;0;3.09133e-13
25;-333;266;121;560;372;372;-0.00734404;0.0260119;-0.591496;-0.173844;0.159012;-0.0227881;-0.00114184;0;3.09133e-13
24;-321;261;137;559;365;365;-0.00810558;0.0275132;-0.595322;-0.168606;0.158013;-0.0227881;-0.00114184;0;3.09133e-13
25;-312;264;134;550;388;388;-0.00864424;0.0246075;-0.596398;-0.164644;0.156607;-0.0227881;-0.00114184;0;3.09133e-13
25;-298;273;161;572;362;362;-0.00870248;0.0215915;-0.595856;-0.157702;0.158092;-0.0227881;-0.00114184;0;3.09133e-13
25;-285;288;182;595;346;346;-0.0100934;0.0145017;-0.5936;-0.152593;0.158502;-0.0227881;-0.00114184;0;3.09133e-13
25;-265;293;209;607;332;332;-0.0129708;0.0116924;-0.590694;-0.145471;0.158192;-0.0227881;-0.00114184;0;3.09133e-13
24;-244;288;223;595;346;346;-0.0140291;0.0152771;-0.585861;-0.136029;0.159277;-0.0227881;-0.00114184;0;3.09133e-13
25;-224;278;238;580;356;356;-0.0151171;0.0192237;-0.582417;-0.127117;0.158224;-0.0227881;-0.00114184;0;3.09133e-13
25;-206;281;260;587;348;348;-0.0148831;0.0203066;-0.576949;-0.117883;0.160807;-0.0227881;-0.00114184;0;3.09133e-13
24;-189;285;279;593;345;345;-0.0143922;0.0190341;-0.574021;-0.108892;0.161534;-0.0227881;-0.00114184;0;3.09133e-13
24;-169;292;304;605;334;334;-0.0157163;0.0155316;-0.569369;-0.100216;0.161532;-0.0227881;-0.00114184;0;3.09133e-13
24;-146;289;328;603;333;333;-0.0190075;0.0145499;-0.563537;-0.0920075;0.15905;-0.0227881;-0.00114184;0;3.09133e-13
24;-127;291;345;603;336;336;-0.021701;0.0160599;-0.559405;-0.085201;0.16156;-0.0227881;-0.00114184;0;3.09133e-13
25;-104;289;370;603;333;333;-0.0262578;0.017767;-0.556611;-0.0782578;0.162267;-0.0227881;-0.00114184;0;3.09133e-13
24;-79;290;395;604;332;332;-0.0313576;0.0174769;-0.553675;-0.0708576;0.162477;-0.0227881;-0.00114184;0;3.09133e-13
24;-61;294;420;615;319;319;-0.0335812;0.01718;-0.552943;-0.0640812;0.16418;-0.0227881;-0.00114184;0;3.09133e-13
23;-48;295;425;608;334;334;-0.0346904;0.0178477;-0.553238;-0.0586904;0.165348;-0.0227881;-0.00114184;0;3.09133e-13
24;-36;290;438;604;332;332;-0.0375134;0.02001;-0.55312;-0.0555134;0.16501;-0.0227881;-0.00114184;0;3.09133e-13
24;-21;291;452;604;334;334;-0.0414705;0.0173219;-0.552817;-0.0519705;0.162822;-0.0227881;-0.00114184;0;3.09133e-13
24;-10;297;468;615;325;325;-0.0426484;0.0141259;-0.552642;-0.0476484;0.162626;-0.0227881;-0.00114184;0;3.09133e-13
24;-6;288;462;596;345;345;-0.0421434;0.0171404;-0.552121;-0.0451434;0.16114;-0.0227881;-0.00114184;0;3.09133e-13
24;5;283;476;594;338;338;-0.0422514;0.026868;-0.547792;-0.0397514;0.168368;-0.0227881;-0.00114184;0;3.09133e-13
24;15;272;483;580;345;345;-0.0437371;0.0310756;-0.543894;-0.0362371;0.167076;-0.0227881;-0.00114184;0;3.09133e-13
25;22;274;498;590;328;328;-0.0452686;0.0303355;-0.539387;-0.0342686;0.167336;-0.0227881;-0.00114184;0;3.09133e-13
25;31;285;499;593;345;345;-0.0465226;0.0296306;-0.535998;-0.0310226;0.172131;-0.0227881;-0.00114184;0;3.09133e-13
24;29;276;504;591;330;330;-0.0447592;0.0348677;-0.53519;-0.0302592;0.172868;-0.0227881;-0.00114184;0;3.09133e-13
24;23;266;479;562;368;368;-0.0406007;0.0406737;-0.535907;-0.0291007;0.173674;-0.0227881;-0.00114184;0;3.09133e-13
24;23;254;483;554;360;360;-0.0415189;0.047201;-0.537084;-0.0300189;0.174201;-0.0227881;-0.00114184;0;3.09133e-13
24;23;241;494;552;339;339;-0.0433722;0.0481481;-0.537414;-0.0318722;0.168648;-0.0227881;-0.00114184;0;3.09133e-13
23;25;251;483;549;364;364;-0.0444196;0.0442038;-0.538232;-0.0319196;0.169704;-0.0227881;-0.00114184;0;3.09133e-13
24;23;271;484;572;358;358;-0.0431163;0.0371833;-0.537721;-0.0316163;0.172683;-0.0227881;-0.00114184;0;3.09133e-13
24;20;279;488;587;345;345;-0.0446238;0.0314386;-0.538027;-0.0346238;0.170939;-0.0227881;-0.00114184;0;3.09133e-13
24;23;289;503;609;320;320;-0.047535;0.0312003;-0.538858;-0.036035;0.1757;-0.0227881;-0.00114184;0;3.09133e-13
24;24;290;496;602;337;337;-0.0459247;0.0360746;-0.53779;-0.0339247;0.181075;-0.0227881;-0.00114184;0;3.09133e-13
24;19;301;494;616;330;330;-0.0455922;0.0367912;-0.536306;-0.0360922;0.187291;-0.0227881;-0.00114184;0;3.09133e-13
24;19;316;506;643;306;306;-0.0472994;0.0319678;-0.532531;-0.0377994;0.189968;-0.0227881;-0.00114184;0;3.09133e-13
24;23;333;517;667;292;292;-0.0523483;0.0305125;-0.531882;-0.0408483;0.197013;-0.0227881;-0.00114184;0;3.09133e-13
-892;10;344;540;714;221;221;-0.0456442;0.0322646;-0.536919;-0.0406442;0.204265;-0.0227881;-0.00114184;0;3.09133e-13
109;5;339;539;713;212;212;-0.0472884;0.0488991;-0.536758;-0.0447884;0.218399;-0.0227881;-0.00114184;0;3.09133e-13
24;9;324;499;654;300;300;-0.0487485;0.0530662;-0.536322;-0.0442485;0.215066;-0.0227881;-0.00114184;0;3.09133e-13
24;12;321;502;651;300;300;-0.0482942;0.0579992;-0.532477;-0.0422942;0.218499;-0.0227881;-0.00114184;0;3.09133e-13
108;8;342;544;718;208;208;-0.0447698;0.0550804;-0.522385;-0.0407698;0.22608;-0.0227881;-0.00114184;0;3.09133e-13
110;15;357;555;737;201;201;-0.0469626;0.0515586;-0.514822;-0.0394626;0.230059;-0.0227881;-0.00114184;0;3.09133e-13
111;21;377;568;764;187;187;-0.0497095;0.0483946;-0.51287;-0.0392094;0.236895;-0.0227881;-0.00114184;0;3.09133e-13
94;25;396;582;793;167;167;-0.0508669;0.051271;-0.513654;-0.0383669;0.249271;-0.0227881;-0.00114184;0;3.09133e-13
71;-87;250;487;664;133;133;-0.0514691;0.0526287;-0.513588;-0.0949691;0.177629;-0.0227881;-0.00114184;0;3.09133e-13
72;-88;251;486;665;133;133;-0.0510408;0.051361;-0.513608;-0.0950408;0.176861;-0.0227881;-0.00114184;0;3.09133e-13
-712;27;417;617;847;101;101;-0.0528694;0.0487664;-0.511989;-0.0393694;0.257266;-0.0227881;-0.00114184;0;3.09133e-13
286;25;425;620;860;91;91;-0.0499329;0.0540922;-0.50988;-0.0374329;0.266592;-0.0227881;-0.00114184;0;3.09133e-13
289;25;433;624;872;83;83;-0.0518848;0.051069;-0.506678;-0.0393848;0.267569;-0.0227881;-0.00114184;0;3.09133e-13
-712;25;437;626;878;79;79;-0.052477;0.0547048;-0.504955;-0.039977;0.273205;-0.0227881;-0.00114184;0;3.09133e-13
-713;28;430;625;867;87;87;-0.0526256;0.063162;-0.505475;-0.0386256;0.278162;-0.0227881;-0.00114184;0;3.09133e-13
287;34;416;622;844;104;104;-0.0517941;0.0614268;-0.505427;-0.0347941;0.269427;-0.0227881;-0.00114184;0;3.09133e-13
71;33;396;590;793;167;167;-0.0523006;0.0628996;-0.506123;-0.0358006;0.2609;-0.0227881;-0.00114184;0;3.09133e-13
71;41;395;599;793;165;165;-0.0518729;0.0649102;-0.5081;-0.0313729;0.26241;-0.0227881;-0.00114184;0;3.09133e-13
72;37;373;587;763;181;181;-0.0509406;0.0664109;-0.509318;-0.0324406;0.252911;-0.0227881;-0.00114184;0;3.09133e-13
74;36;362;579;745;194;194;-0.0499388;0.0645667;-0.510117;-0.0319388;0.245567;-0.0227881;-0.00114184;0;3.09133e-13
71;33;355;570;732;207;207;-0.0502119;0.0610412;-0.51053;-0.0337119;0.238541;-0.0227881;-0.00114184;0;3.09133e-13
72;31;358;575;742;193;193;-0.0513119;0.0595967;-0.510926;-0.0358119;0.238597;-0.0227881;-0.00114184;0;3.09133e-13
72;36;354;575;733;202;202;-0.0520317;0.0592254;-0.512119;-0.0340317;0.236225;-0.0227881;-0.00114184;0;3.09133e-13
-930;35;349;573;727;204;204;-0.0515036;0.0575155;-0.513548;-0.0340036;0.232016;-0.0227881;-0.00114184;0;3.09133e-13
71;35;345;564;714;222;222;-0.0517204;0.0548459;-0.514426;-0.0342204;0.227346;-0.0227881;-0.00114184;0;3.09133e-13
73;36;343;567;714;218;218;-0.0516326;0.0562772;-0.515767;-0.0336326;0.227777;-0.0227881;-0.00114184;0;3.09133e-13
16;33;331;524;662;298;298;-0.0509555;0.0589981;-0.517176;-0.0344555;0.224498;-0.0227881;-0.00114184;0;3.09133e-13
16;31;318;521;648;300;300;-0.0501164;0.0598375;-0.51808;-0.0346164;0.218837;-0.0227881;-0.00114184;0;3.09133e-13
15;29;319;511;641;316;316;-0.0497067;0.0574441;-0.519368;-0.0352067;0.216944;-0.0227881;-0.00114184;0;3.09133e-13
21;29;317;511;639;316;316;-0.048493;0.0543942;-0.519988;-0.033993;0.212894;-0.0227881;-0.00114184;0;3.09133e-13
24;27;314;513;640;308;308;-0.0488196;0.0539924;-0.521589;-0.0353196;0.210992;-0.0227881;-0.00114184;0;3.09133e-13
24;31;305;505;619;332;332;-0.0498919;0.0544132;-0.521977;-0.0343919;0.206913;-0.0227881;-0.00114184;0;3.09133e-13
24;36;301;508;613;336;336;-0.0509872;0.0543808;-0.521538;-0.0329872;0.204881;-0.0227881;-0.00114184;0;3.09133e-13
24;37;287;506;596;342;342;-0.0514615;0.0564586;-0.522664;-0.0329615;0.199959;-0.0227881;-0.00114184;0;3.09133e-13
23;36;281;491;576;370;370;-0.0499076;0.0560767;-0.523452;-0.0319076;0.196577;-0.0227881;-0.00114184;0;3.09133e-13
24;37;273;505;581;344;344;-0.0496537;0.055719;-0.524871;-0.0311537;0.192219;-0.0227881;-0.00114184;0;3.09133e-13
24;40;266;507;573;346;346;-0.048306;0.0543471;-0.527538;-0.028306;0.187347;-0.0227881;-0.00114184;0;3.09133e-13
24;46;244;518;556;337;337;-0.0516599;0.0584676;-0.530044;-0.0286599;0.180468;-0.0227881;-0.00114184;0;3.09133e-13
24;45;212;489;496;392;392;-0.0501025;0.0687199;-0.532184;-0.0276025;0.17472;-0.0227881;-0.00114184;0;3.09133e-13
111;43;195;563;555;241;241;-0.0519277;0.0782405;-0.532682;-0.0304277;0.175741;-0.0227881;-0.00114184;0;3.09133e-13
111;55;177;576;538;238;238;-0.0559136;0.0755994;-0.531587;-0.0284136;0.164099;-0.0227881;-0.00114184;0;3.09133e-13
112;62;177;591;546;223;223;-0.0557602;0.0761442;-0.529577;-0.0247602;0.164644;-0.0227881;-0.00114184;0;3.09133e-13
-890;66;167;588;529;237;237;-0.0565993;0.0895767;-0.530477;-0.0235993;0.173077;-0.0227881;-0.00114184;0;3.09133e-13
87;68;142;597;511;222;222;-0.0551994;0.0879406;-0.531568;-0.0211994;0.158941;-0.0227881;-0.00114184;0;3.09133e-13
73;68;128;616;516;185;185;-0.0531002;0.0825872;-0.534141;-0.0191002;0.146587;-0.0227881;-0.00114184;0;3.09133e-13
72;60;128;598;506;205;205;-0.0510325;0.0787461;-0.535083;-0.0210325;0.142746;-0.0227881;-0.00114184;0;3.09133e-13
72;56;122;598;504;197;197;-0.0481419;0.0732506;-0.535503;-0.0201419;0.134251;-0.0227881;-0.00114184;0;3.09133e-13
71;53;114;604;505;178;178;-0.046256;0.0698575;-0.534348;-0.019756;0.126857;-0.0227881;-0.00114184;0;3.09133e-13
71;53;96;589;472;209;209;-0.0457182;0.0685892;-0.534767;-0.0192182;0.116589;-0.0227881;-0.00114184;0;3.09133e-13
71;55;82;586;453;218;218;-0.0446147;0.0651219;-0.537335;-0.0171147;0.106122;-0.0227881;-0.00114184;0;3.09133e-13
71;59;68;607;456;185;185;-0.0439832;0.0620288;-0.541077;-0.0144832;0.0960288;-0.0227881;-0.00114184;0;3.09133e-13
71;61;56;604;439;194;194;-0.0444166;0.0592707;-0.541669;-0.0139166;0.0872707;-0.0227881;-0.00114184;0;3.09133e-13
72;61;48;598;425;206;206;-0.043267;0.0602488;-0.541666;-0.012767;0.0842488;-0.0227881;-0.00114184;0;3.09133e-13
-929;63;34;589;400;228;228;-0.0420244;0.0588825;-0.541187;-0.0105244;0.0758825;-0.0227881;-0.00114184;0;3.09133e-13
71;59;26;601;408;197;197;-0.0409551;0.0581586;-0.54244;-0.0114551;0.0711586;-0.0227881;-0.00114184;0;3.09133e-13
17;58;15;495;292;406;406;-0.0403243;0.0604215;-0.542998;-0.0113243;0.0679215;-0.0227881;-0.00114184;0;3.09133e-13
107;54;-4;588;370;212;212;-0.0385928;0.058198;-0.543058;-0.0115928;0.056198;-0.0227881;-0.00114184;0;3.09133e-13
25;62;-4;492;266;420;420;-0.039555;0.0557431;-0.542407;-0.00855502;0.0537431;-0.0227881;-0.00114184;0;3.09133e-13
108;66;-18;580;336;252;252;-0.0467567;0.0549139;-0.54101;-0.0137567;0.0459139;-0.0227881;-0.00114184;0;3.09133e-13
25;75;-29;504;240;422;422;-0.0468165;0.0547628;-0.541218;-0.0093165;0.0402628;-0.0227881;-0.00114184;0;3.09133e-13
23;77;-43;512;232;410;410;-0.0455189;0.0546173;-0.541668;-0.00701891;0.0331173;-0.0227881;-0.00114184;0;3.09133e-13
24;78;-48;514;228;408;408;-0.0464549;0.051973;-0.541821;-0.00745485;0.027973;-0.0227881;-0.00114184;0;3.09133e-13
24;80;-60;526;226;389;389;-0.0482095;0.0478202;-0.542253;-0.00820949;0.0178202;-0.0227881;-0.00114184;0;3.09133e-13
24;78;-72;495;185;446;446;-0.047733;0.0463662;-0.543047;-0.008733;0.0103662;-0.0227881;-0.00114184;0;3.09133e-13
23;82;-84;512;186;420;420;-0.0490092;0.0460029;-0.542457;-0.00800919;0.00400292;-0.0227881;-0.00114184;0;3.09133e-13
111;88;-98;597;251;263;263;-0.0531886;0.0542755;-0.540154;-0.00918859;0.0052755;-0.0227881;-0.00114184;0;3.09133e-13
25;96;-120;539;163;394;394;-0.0533796;0.054469;-0.539642;-0.00537955;-0.00553097;-0.0227881;-0.00114184;0;3.09133e-13
24;103;-124;538;151;410;410;-0.0555218;0.0498654;-0.53799;-0.00402182;-0.0121346;-0.0227881;-0.00114184;0;3.09133e-13
24;112;-134;532;126;441;441;-0.0608623;0.0502067;-0.536872;-0.00486231;-0.0167933;-0.0227881;-0.00114184;0;3.09133e-13
111;118;-152;634;204;248;248;-0.0657109;0.0466762;-0.540653;-0.00671094;-0.0293238;-0.0227881;-0.00114184;0;3.09133e-13
110;119;-158;637;200;244;244;-0.0625787;0.0513316;-0.54486;-0.00307867;-0.0276684;-0.0227881;-0.00114184;0;3.09133e-13
25;116;-172;556;108;400;400;-0.0608626;0.0545385;-0.545898;-0.00286258;-0.0314615;-0.0227881;-0.00114184;0;3.09133e-13
110;103;-197;632;172;223;223;-0.0620945;0.0558666;-0.548385;-0.0105945;-0.0426334;-0.0227881;-0.00114184;0;3.09133e-13
-890;104;-208;630;158;228;228;-0.0541633;0.054113;-0.548539;-0.00216332;-0.049887;-0.0227881;-0.00114184;0;3.09133e-13
110;95;-210;606;141;258;258;-0.0543321;0.0483723;-0.546013;-0.00683211;-0.0566277;-0.0227881;-0.00114184;0;3.09133e-13
109;91;-211;607;145;248;248;-0.0563513;0.0356186;-0.545605;-0.0108513;-0.0698814;-0.0227881;-0.00114184;0;3.09133e-13
87;95;-201;634;178;202;202;-0.0534321;0.0304891;-0.545264;-0.0059321;-0.0700109;-0.0227881;-0.00114184;0;3.09133e-13
72;93;-193;611;165;245;245;-0.0560095;0.0332052;-0.543119;-0.00950949;-0.0632948;-0.0227881;-0.00114184;0;3.09133e-13
72;98;-203;622;161;232;232;-0.0547907;0.0291822;-0.54099;-0.00579066;-0.0723178;-0.0227881;-0.00114184;0;3.09133e-13
72;95;-206;629;168;212;212;-0.0517279;0.0199615;-0.53993;-0.00422794;-0.0830385;-0.0227881;-0.00114184;0;3.09133e-13
287;88;-193;677;236;103;103;-0.047574;-0.0234835;-0.533423;-0.00357397;-0.119983;-0.0227881;-0.00114184;0;3.09133e-13
-929;85;-177;620;198;210;210;-0.047209;-0.032234;-0.530978;-0.00470898;-0.120734;-0.0227881;-0.00114184;0;3.09133e-13
72;76;-173;615;206;202;202;-0.0421623;-0.0374461;-0.523296;-0.00416234;-0.123946;-0.0227881;-0.00114184;0;3.09133e-13
73;62;-159;582;201;240;240;-0.0376367;-0.0390325;-0.51544;-0.00663671;-0.118532;-0.0227881;-0.00114184;0;3.09133e-13
71;51;-168;563;184;256;256;-0.0370813;-0.0378485;-0.511773;-0.0115813;-0.121849;-0.0227881;-0.00114184;0;3.09133e-13
71;44;-174;569;191;231;231;-0.0368071;-0.0439726;-0.510094;-0.0148071;-0.130973;-0.0227881;-0.00114184;0;3.09133e-13
16;42;-172;482;108;400;400;-0.0357604;-0.0449807;-0.509751;-0.0147604;-0.130981;-0.0227881;-0.00114184;0;3.09133e-13
69;37;-178;549;174;257;257;-0.0330295;-0.051668;-0.51129;-0.0145295;-0.140668;-0.0227881;-0.00114184;0;3.09133e-13
111;35;-182;549;172;252;252;-0.0307663;-0.0468119;-0.512479;-0.0132663;-0.137812;-0.0227881;-0.00114184;0;3.09133e-13
23;36;-202;479;81;394;394;-0.030177;-0.0452585;-0.512188;-0.012177;-0.146259;-0.0227881;-0.00114184;0;3.09133e-13
24;25;-206;465;74;400;400;-0.0300796;-0.046953;-0.511536;-0.0175796;-0.149953;-0.0227881;-0.00114184;0;3.09133e-13
24;26;-218;469;65;394;394;-0.0294178;-0.0464269;-0.512336;-0.0164178;-0.155427;-0.0227881;-0.00114184;0;3.09133e-13
-891;28;-225;536;123;264;264;-0.0312774;-0.0471445;-0.51728;-0.0172774;-0.159645;-0.0227881;-0.00114184;0;3.09133e-13
24;33;-238;457;26;433;433;-0.0313666;-0.047588;-0.519466;-0.0148666;-0.166588;-0.0227881;-0.00114184;0;3.09133e-13
24;39;-249;469;21;420;420;-0.0327663;-0.0447708;-0.523529;-0.0132663;-0.169271;-0.0227881;-0.00114184;0;3.09133e-13
25;37;-252;477;28;400;400;-0.0343744;-0.0460711;-0.526002;-0.0158744;-0.172071;-0.0227881;-0.00114184;0;3.09133e-13
23;42;-264;482;16;400;400;-0.0330789;-0.0443115;-0.527753;-0.0120789;-0.176311;-0.0227881;-0.00114184;0;3.09133e-13
110;36;-273;549;80;255;255;-0.0319684;-0.0426462;-0.527391;-0.0139684;-0.179146;-0.0227881;-0.00114184;0;3.09133e-13
25;35;-272;477;10;396;396;-0.0325664;-0.0440431;-0.526698;-0.0150664;-0.180043;-0.0227881;-0.00114184;0;3.09133e-13
23;35;-276;477;6;396;396;-0.0334644;-0.0450533;-0.525162;-0.0159644;-0.183053;-0.0227881;-0.00114184;0;3.09133e-13
24;42;-278;485;5;394;394;-0.0349445;-0.0402544;-0.527286;-0.0139445;-0.179254;-0.0227881;-0.00114184;0;3.09133e-13
110;37;-288;556;71;243;243;-0.0367758;-0.031936;-0.524554;-0.0182758;-0.175936;-0.0227881;-0.00114184;0;3.09133e-13
-889;40;-302;552;50;256;256;-0.0371529;-0.0193218;-0.520409;-0.0171529;-0.170322;-0.0227881;-0.00114184;0;3.09133e-13
112;38;-311;563;54;230;230;-0.0426425;-0.0208695;-0.530594;-0.0236425;-0.176369;-0.0227881;-0.00114184;0;3.09133e-13
111;47;-308;568;53;238;238;-0.0451441;-0.02076;-0.531193;-0.0216441;-0.17476;-0.0227881;-0.00114184;0;3.09133e-13
89;54;-310;579;55;231;231;-0.0453474;-0.0239182;-0.534732;-0.0183474;-0.178918;-0.0227881;-0.00114184;0;3.09133e-13
73;57;-305;575;53;245;245;-0.0456815;-0.0207405;-0.531753;-0.0171815;-0.173241;-0.0227881;-0.00114184;0;3.09133e-13
72;54;-310;575;51;239;239;-0.0449855;-0.0203523;-0.533409;-0.0179855;-0.175352;-0.0227881;-0.00114184;0;3.09133e-13
73;56;-310;574;48;245;245;-0.0459731;-0.0222912;-0.533704;-0.0179731;-0.177291;-0.0227881;-0.00114184;0;3.09133e-13
71;56;-308;580;56;233;233;-0.0459352;-0.0212626;-0.532436;-0.0179352;-0.175263;-0.0227881;-0.00114184;0;3.09133e-13
71;55;-310;575;50;241;241;-0.0453809;-0.0206462;-0.534101;-0.0178809;-0.175646;-0.0227881;-0.00114184;0;3.09133e-13
71;57;-307;576;52;242;242;-0.0466991;-0.0217014;-0.532362;-0.0181991;-0.175201;-0.0227881;-0.00114184;0;3.09133e-13
-930;55;-309;587;63;216;216;-0.0457369;-0.020888;-0.534492;-0.0182369;-0.175388;-0.0227881;-0.00114184;0;3.09133e-13
71;57;-307;596;72;203;203;-0.0466403;-0.020803;-0.532636;-0.0181403;-0.174303;-0.0227881;-0.00114184;0;3.09133e-13
291;56;-306;645;123;102;102;-0.046393;-0.0213904;-0.532031;-0.018393;-0.17439;-0.0227881;-0.00114184;0;3.09133e-13
72;57;-308;612;87;170;170;-0.0464925;-0.0212566;-0.531804;-0.0179925;-0.175257;-0.0227881;-0.00114184;0;3.09133e-13
73;56;-309;574;49;245;245;-0.0466054;-0.0203641;-0.531259;-0.0186054;-0.174864;-0.0227881;-0.00114184;0;3.09133e-13
74;56;-309;575;50;242;242;-0.0465276;-0.0208524;-0.532124;-0.0185276;-0.175352;-0.0227881;-0.00114184;0;3.09133e-13
71;57;-309;572;46;250;250;-0.0466754;-0.0210389;-0.532355;-0.0181754;-0.175539;-0.0227881;-0.00114184;0;3.09133e-13
71;57;-308;578;53;238;238;-0.0466215;-0.0203429;-0.532184;-0.0181215;-0.174343;-0.0227881;-0.00114184;0;3.09133e-13
72;56;-310;577;51;239;239;-0.0468473;-0.0208608;-0.532479;-0.0188473;-0.175861;-0.0227881;-0.00114184;0;3.09133e-13
-928;57;-309;575;49;244;244;-0.0467497;-0.0205993;-0.531648;-0.0182497;-0.175099;-0.0227881;-0.00114184;0;3.09133e-13
72;57;-309;576;50;242;242;-0.0466843;-0.0205249;-0.532166;-0.0181843;-0.175025;-0.0227881;-0.00114184;0;3.09133e-13
72;58;-308;577;51;242;242;-0.0469874;-0.0207159;-0.531406;-0.0179874;-0.174716;-0.0227881;-0.00114184;0;3.09133e-13
71;57;-309;578;52;238;238;-0.0468068;-0.0205265;-0.53206;-0.0183068;-0.175027;-0.0227881;-0.00114184;0;3.09133e-13
71;57;-309;578;52;238;238;-0.0471251;-0.0205479;-0.531714;-0.0186251;-0.175048;-0.0227881;-0.00114184;0;3.09133e-13
71;57;-309;585;59;225;225;-0.0469551;-0.0205397;-0.532276;-0.0184551;-0.17504;-0.0227881;-0.00114184;0;3.09133e-13
73;59;-308;581;54;236;236;-0.0471477;-0.0203645;-0.532131;-0.0176477;-0.174364;-0.0228;-0.00114639;0;3.09133e-13
72;57;-309;575;49;244;244;-0.0471302;-0.0205393;-0.53215;-0.0186302;-0.175039;-0.0228;-0.00114639;0;3.09133e-13
71;57;-309;577;51;240;240;-0.0472236;-0.0203481;-0.531782;-0.0187236;-0.174848;-0.0228;-0.00114639;0;3.09133e-13
71;57;-310;577;50;241;241;-0.0471958;-0.0203805;-0.532029;-0.0186958;-0.17538;-0.0228;-0.00114639;0;3.09133e-13
-928;58;-309;581;54;234;234;-0.0472657;-0.0203069;-0.531857;-0.0182657;-0.174807;-0.0231408;-0.00126272;0;3.09133e-13
72;56;-310;578;52;237;237;-0.0472569;-0.0202813;-0.531438;-0.0192569;-0.175281;-0.0231408;-0.00126272;0;3.09133e-13
72;58;-309;579;52;239;239;-0.0472541;-0.0203551;-0.531216;-0.0182541;-0.174855;-0.0231408;-0.00126272;0;3.09133e-13
72;57;-309;578;52;239;239;-0.0473276;-0.0202725;-0.531009;-0.0188276;-0.174773;-0.0234859;-0.00137678;0;3.09133e-13
72;57;-309;578;52;238;238;-0.0473759;-0.0202979;-0.530934;-0.0188759;-0.174798;-0.0234859;-0.00137678;0;3.09133e-13
71;57;-309;578;52;239;239;-0.0473955;-0.0202639;-0.530673;-0.0188955;-0.174764;-0.0234859;-0.00137678;0;3.09133e-13
73;58;-309;583;56;230;230;-0.0473391;-0.020235;-0.530664;-0.0183391;-0.174735;-0.0238286;-0.00149128;0;3.09133e-13
72;57;-309;583;57;229;229;-0.0473793;-0.0202132;-0.530815;-0.0188793;-0.174713;-0.0238286;-0.00149128;0;3.09133e-13
71;57;-308;578;53;238;238;-0.0473254;-0.0202619;-0.530485;-0.0188254;-0.174262;-0.0238286;-0.00149128;0;3.09133e-13
71;57;-310;580;53;235;235;-0.0474536;-0.0201885;-0.530117;-0.0189536;-0.175188;-0.0238286;-0.00149128;0;3.09133e-13
-929;58;-309;582;55;232;232;-0.0474697;-0.020202;-0.53062;-0.0184697;-0.174702;-0.0241706;-0.0016059;0;3.09133e-13
73;57;-309;580;54;235;235;-0.0475605;-0.0201689;-0.530942;-0.0190605;-0.174669;-0.0241706;-0.0016059;0;3.09133e-13
72;56;-310;576;50;241;241;-0.0475779;-0.020136;-0.530942;-0.0195779;-0.175136;-0.0241706;-0.0016059;0;3.09133e-13
72;57;-311;582;54;231;231;-0.0476147;-0.0200754;-0.530945;-0.0191147;-0.175575;-0.0244994;-0.00171372;0;3.09133e-13
72;57;-310;579;52;237;237;-0.0476155;-0.0200897;-0.531079;-0.0191155;-0.17509;-0.0244994;-0.00171372;0;3.09133e-13
71;57;-310;580;53;235;235;-0.0476243;-0.0200554;-0.531161;-0.0191243;-0.175055;-0.0244994;-0.00171372;0;3.09133e-13
73;57;-309;577;51;241;241;-0.0476561;-0.0200248;-0.531088;-0.0191561;-0.174525;-0.0248409;-0.00182957;0;3.09133e-13
72;57;-311;580;52;235;235;-0.0477132;-0.0200069;-0.531068;-0.0192132;-0.175507;-0.0248409;-0.00182957;0;3.09133e-13
71;56;-311;579;52;235;235;-0.0477828;-0.0199508;-0.530557;-0.0197828;-0.175451;-0.0248409;-0.00182957;0;3.09133e-13
72;57;-310;579;52;236;236;-0.0477629;-0.0199465;-0.530902;-0.0192629;-0.174947;-0.0248409;-0.00182957;0;3.09133e-13
-929;57;-310;580;53;234;234;-0.0477625;-0.0199102;-0.531;-0.0192625;-0.17491;-0.0251832;-0.00194583;0;3.09133e-13
72;58;-310;578;50;240;240;-0.0477797;-0.0199091;-0.530988;-0.0187797;-0.174909;-0.0251832;-0.00194583;0;3.09133e-13
72;58;-308;574;48;248;248;-0.0477882;-0.0198592;-0.53107;-0.0187882;-0.173859;-0.0251832;-0.00194583;0;3.09133e-13
72;57;-310;582;55;231;231;-0.0477759;-0.0198271;-0.531335;-0.0192759;-0.174827;-0.0255247;-0.00206307;0;3.09133e-13
72;57;-311;579;51;237;237;-0.0477863;-0.0198129;-0.531281;-0.0192863;-0.175313;-0.0255247;-0.00206307;0;3.09133e-13
71;58;-309;582;55;232;232;-0.047831;-0.0197732;-0.531227;-0.018831;-0.174273;-0.0255247;-0.00206307;0;3.09133e-13
73;56;-310;576;50;241;241;-0.0479103;-0.0196931;-0.530997;-0.0199103;-0.174693;-0.0255247;-0.00206307;0;3.09133e-13